name;actual;prediction;False_probability;True_probability
crunch-archetype\src\main\resources\archetype-resources\src\main\java\stopwordfilter.java;False;False;0.973;0.027
crunch-archetype\src\main\resources\archetype-resources\src\main\java\tokenizer.java;False;False;0.98;0.02
crunch-archetype\src\main\resources\archetype-resources\src\main\java\wordcount.java;False;False;0.95;0.05
crunch-archetype\src\main\resources\archetype-resources\src\test\java\stopwordfiltertest.java;False;False;0.947;0.053
crunch-archetype\src\main\resources\archetype-resources\src\test\java\tokenizertest.java;False;False;0.927;0.073
crunch-contrib\src\it\java\org\apache\crunch\contrib\bloomfilter\bloomfiltersit.java;True;False;0.969;0.031
crunch-contrib\src\it\java\org\apache\crunch\contrib\io\jdbc\databasesourceit.java;True;False;0.987;0.013
crunch-contrib\src\main\java\org\apache\crunch\contrib\bloomfilter\bloomfilterfactory.java;False;False;0.989;0.011
crunch-contrib\src\main\java\org\apache\crunch\contrib\bloomfilter\bloomfilterfactory.java;False;False;0.972;0.028
crunch-contrib\src\main\java\org\apache\crunch\contrib\bloomfilter\bloomfilterfn.java;False;False;0.984;0.016
crunch-contrib\src\main\java\org\apache\crunch\contrib\bloomfilter\package-info.java;False;False;1.0;0.0
crunch-contrib\src\main\java\org\apache\crunch\contrib\io\jdbc\databasesource.java;False;False;0.965;0.035
crunch-contrib\src\main\java\org\apache\crunch\contrib\io\jdbc\databasesource.java;False;False;0.948;0.052
crunch-contrib\src\main\java\org\apache\crunch\contrib\io\jdbc\identifiablename.java;False;False;0.983;0.017
crunch-contrib\src\main\java\org\apache\crunch\contrib\io\jdbc\package-info.java;False;False;0.995;0.005
crunch-contrib\src\main\java\org\apache\crunch\contrib\package-info.java;False;False;1.0;0.0
crunch-contrib\src\main\java\org\apache\crunch\contrib\text\abstractcompositeextractor.java;False;False;0.984;0.016
crunch-contrib\src\main\java\org\apache\crunch\contrib\text\abstractsimpleextractor.java;False;False;0.983;0.017
crunch-contrib\src\main\java\org\apache\crunch\contrib\text\extractor.java;False;False;0.961;0.039
crunch-contrib\src\main\java\org\apache\crunch\contrib\text\extractorstats.java;False;False;0.994;0.006
crunch-contrib\src\main\java\org\apache\crunch\contrib\text\extractors.java;False;False;0.998;0.002
crunch-contrib\src\main\java\org\apache\crunch\contrib\text\extractors.java;False;False;1.0;0.0
crunch-contrib\src\main\java\org\apache\crunch\contrib\text\extractors.java;False;False;0.991;0.009
crunch-contrib\src\main\java\org\apache\crunch\contrib\text\extractors.java;False;False;0.998;0.002
crunch-contrib\src\main\java\org\apache\crunch\contrib\text\extractors.java;False;False;0.93;0.07
crunch-contrib\src\main\java\org\apache\crunch\contrib\text\extractors.java;False;False;1.0;0.0
crunch-contrib\src\main\java\org\apache\crunch\contrib\text\extractors.java;False;False;1.0;0.0
crunch-contrib\src\main\java\org\apache\crunch\contrib\text\extractors.java;False;False;1.0;0.0
crunch-contrib\src\main\java\org\apache\crunch\contrib\text\extractors.java;False;False;0.999;0.001
crunch-contrib\src\main\java\org\apache\crunch\contrib\text\extractors.java;False;False;0.995;0.005
crunch-contrib\src\main\java\org\apache\crunch\contrib\text\extractors.java;False;False;1.0;0.0
crunch-contrib\src\main\java\org\apache\crunch\contrib\text\extractors.java;False;False;1.0;0.0
crunch-contrib\src\main\java\org\apache\crunch\contrib\text\extractors.java;False;False;0.999;0.001
crunch-contrib\src\main\java\org\apache\crunch\contrib\text\parse.java;False;False;0.998;0.002
crunch-contrib\src\main\java\org\apache\crunch\contrib\text\parse.java;False;False;0.99;0.01
crunch-contrib\src\main\java\org\apache\crunch\contrib\text\tokenizer.java;False;False;0.944;0.056
crunch-contrib\src\main\java\org\apache\crunch\contrib\text\tokenizerfactory.java;False;False;0.954;0.046
crunch-contrib\src\main\java\org\apache\crunch\contrib\text\tokenizerfactory.java;False;False;0.953;0.047
crunch-contrib\src\test\java\org\apache\crunch\contrib\text\parsetest.java;False;False;0.974;0.026
crunch-core\src\it\java\org\apache\crunch\breakpoint2it.java;False;False;0.957;0.043
crunch-core\src\it\java\org\apache\crunch\breakpoint2it.java;False;False;0.982;0.018
crunch-core\src\it\java\org\apache\crunch\breakpointit.java;False;False;0.974;0.026
crunch-core\src\it\java\org\apache\crunch\canceljobsit.java;False;False;0.968;0.032
crunch-core\src\it\java\org\apache\crunch\checkpointit.java;False;False;0.976;0.024
crunch-core\src\it\java\org\apache\crunch\cleantextit.java;True;False;0.973;0.027
crunch-core\src\it\java\org\apache\crunch\cleantextit.java;True;False;0.996;0.004
crunch-core\src\it\java\org\apache\crunch\collectionpobjectit.java;False;False;0.928;0.072
crunch-core\src\it\java\org\apache\crunch\collectionsit.java;False;False;0.99;0.01
crunch-core\src\it\java\org\apache\crunch\collectionsit.java;False;False;0.968;0.032
crunch-core\src\it\java\org\apache\crunch\collectionslengthit.java;False;False;0.991;0.009
crunch-core\src\it\java\org\apache\crunch\combinereduceit.java;False;False;0.96;0.04
crunch-core\src\it\java\org\apache\crunch\combinereduceit.java;False;False;0.974;0.026
crunch-core\src\it\java\org\apache\crunch\configurationit.java;True;False;0.93;0.07
crunch-core\src\it\java\org\apache\crunch\deepcopycustomtuplesit.java;False;False;0.998;0.002
crunch-core\src\it\java\org\apache\crunch\deepcopycustomtuplesit.java;False;False;1.0;0.0
crunch-core\src\it\java\org\apache\crunch\deepcopycustomtuplesit.java;False;False;1.0;0.0
crunch-core\src\it\java\org\apache\crunch\deepcopycustomtuplesit.java;False;False;1.0;0.0
crunch-core\src\it\java\org\apache\crunch\dependentsourcesit.java;False;False;0.989;0.011
crunch-core\src\it\java\org\apache\crunch\emitnullavroit.java;False;False;0.985;0.015
crunch-core\src\it\java\org\apache\crunch\emptypcollectionit.java;False;False;0.988;0.012
crunch-core\src\it\java\org\apache\crunch\emptypcollectionit.java;False;False;0.993;0.007
crunch-core\src\it\java\org\apache\crunch\enumpairit.java;False;False;0.99;0.01
crunch-core\src\it\java\org\apache\crunch\firstelementpobjectit.java;False;False;0.955;0.045
crunch-core\src\it\java\org\apache\crunch\iterablereuseprotectionit.java;False;False;0.991;0.009
crunch-core\src\it\java\org\apache\crunch\iterablereuseprotectionit.java;False;False;0.991;0.009
crunch-core\src\it\java\org\apache\crunch\longpipelineplannerit.java;False;False;0.973;0.027
crunch-core\src\it\java\org\apache\crunch\mrpipelineit.java;False;False;0.983;0.017
crunch-core\src\it\java\org\apache\crunch\mappobjectit.java;True;False;0.979;0.021
crunch-core\src\it\java\org\apache\crunch\mappobjectit.java;True;False;0.995;0.005
crunch-core\src\it\java\org\apache\crunch\mapsit.java;False;False;0.955;0.045
crunch-core\src\it\java\org\apache\crunch\materializeit.java;True;False;0.529;0.471
crunch-core\src\it\java\org\apache\crunch\materializeit.java;True;True;0.445;0.555
crunch-core\src\it\java\org\apache\crunch\materializeit.java;True;False;0.529;0.471
crunch-core\src\it\java\org\apache\crunch\materializetomapit.java;False;False;0.99;0.01
crunch-core\src\it\java\org\apache\crunch\materializetomapit.java;False;False;0.972;0.028
crunch-core\src\it\java\org\apache\crunch\multistageplanningit.java;False;False;0.974;0.026
crunch-core\src\it\java\org\apache\crunch\multistageplanningit.java;False;False;0.994;0.006
crunch-core\src\it\java\org\apache\crunch\multipleoutputit.java;False;False;0.945;0.055
crunch-core\src\it\java\org\apache\crunch\multipleoutputit.java;False;False;0.957;0.043
crunch-core\src\it\java\org\apache\crunch\multipleoutputit.java;False;False;0.892;0.108
crunch-core\src\it\java\org\apache\crunch\pcollectiongetsizeit.java;False;False;0.88;0.12
crunch-core\src\it\java\org\apache\crunch\pobjectsit.java;False;False;0.982;0.018
crunch-core\src\it\java\org\apache\crunch\pobjectsit.java;False;False;0.953;0.047
crunch-core\src\it\java\org\apache\crunch\ptablekeyvalueit.java;True;False;0.962;0.038
crunch-core\src\it\java\org\apache\crunch\pagerankit.java;False;False;0.591;0.409
crunch-core\src\it\java\org\apache\crunch\pagerankit.java;False;False;0.591;0.409
crunch-core\src\it\java\org\apache\crunch\pipelinecallableit.java;True;False;0.973;0.027
crunch-core\src\it\java\org\apache\crunch\singleuseiterableexceptionit.java;True;False;0.987;0.013
crunch-core\src\it\java\org\apache\crunch\singleuseiterableexceptionit.java;True;False;0.965;0.035
crunch-core\src\it\java\org\apache\crunch\stageresultscountersit.java;True;False;0.928;0.072
crunch-core\src\it\java\org\apache\crunch\termfrequencyit.java;False;False;0.946;0.054
crunch-core\src\it\java\org\apache\crunch\textpairit.java;False;False;0.98;0.02
crunch-core\src\it\java\org\apache\crunch\tfidfit.java;False;False;0.966;0.034
crunch-core\src\it\java\org\apache\crunch\tuplenclasscastbugit.java;False;False;0.992;0.008
crunch-core\src\it\java\org\apache\crunch\unionfromsamesourceit.java;False;False;0.996;0.004
crunch-core\src\it\java\org\apache\crunch\unionfromsamesourceit.java;False;False;0.996;0.004
crunch-core\src\it\java\org\apache\crunch\unionfromsamesourceit.java;False;False;0.986;0.014
crunch-core\src\it\java\org\apache\crunch\unionit.java;False;False;0.981;0.019
crunch-core\src\it\java\org\apache\crunch\unionit.java;False;False;0.98;0.02
crunch-core\src\it\java\org\apache\crunch\unionresultsit.java;False;False;0.998;0.002
crunch-core\src\it\java\org\apache\crunch\unionresultsit.java;False;False;0.984;0.016
crunch-core\src\it\java\org\apache\crunch\wordcountit.java;False;False;0.934;0.066
crunch-core\src\it\java\org\apache\crunch\fn\aggregatorsit.java;False;False;0.999;0.001
crunch-core\src\it\java\org\apache\crunch\fn\aggregatorsit.java;False;False;1.0;0.0
crunch-core\src\it\java\org\apache\crunch\impl\dist\collect\failit.java;False;False;0.987;0.013
crunch-core\src\it\java\org\apache\crunch\impl\dist\collect\failit.java;False;False;0.998;0.002
crunch-core\src\it\java\org\apache\crunch\impl\dist\collect\unioncollectionit.java;False;False;0.921;0.079
crunch-core\src\it\java\org\apache\crunch\impl\mem\mempipelinefilereadingwritingit.java;False;False;0.899;0.101
crunch-core\src\it\java\org\apache\crunch\impl\mem\mempipelinefilereadingwritingit.java;False;False;0.901;0.099
crunch-core\src\it\java\org\apache\crunch\impl\mem\mempipelineutf8it.java;True;False;0.925;0.075
crunch-core\src\it\java\org\apache\crunch\impl\mr\exec\mrexecutorit.java;False;False;0.812;0.188
crunch-core\src\it\java\org\apache\crunch\impl\mr\exec\mrexecutorit.java;False;False;0.917;0.083
crunch-core\src\it\java\org\apache\crunch\impl\mr\plan\dotfilesit.java;False;False;0.718;0.282
crunch-core\src\it\java\org\apache\crunch\io\combinefileit.java;False;False;0.974;0.026
crunch-core\src\it\java\org\apache\crunch\io\compositepathiterableit.java;False;False;0.945;0.055
crunch-core\src\it\java\org\apache\crunch\io\compressit.java;False;False;0.98;0.02
crunch-core\src\it\java\org\apache\crunch\io\formattedfileit.java;False;False;0.969;0.031
crunch-core\src\it\java\org\apache\crunch\io\nlineinputit.java;False;False;0.847;0.153
crunch-core\src\it\java\org\apache\crunch\io\nlineinputit.java;False;False;0.843;0.157
crunch-core\src\it\java\org\apache\crunch\io\textfiletableit.java;False;False;0.993;0.007
crunch-core\src\it\java\org\apache\crunch\io\toolrunnerit.java;True;False;0.711;0.289
crunch-core\src\it\java\org\apache\crunch\io\toolrunnerit.java;True;False;0.71;0.29
crunch-core\src\it\java\org\apache\crunch\io\toolrunnerit.java;True;False;0.793;0.207
crunch-core\src\it\java\org\apache\crunch\io\toolrunnerit.java;True;False;0.782;0.218
crunch-core\src\it\java\org\apache\crunch\io\avro\avrofilesourcetargetit.java;False;False;0.727;0.273
crunch-core\src\it\java\org\apache\crunch\io\avro\avrokeyvalueit.java;False;False;0.918;0.082
crunch-core\src\it\java\org\apache\crunch\io\avro\avrokeyvalueit.java;False;False;0.943;0.057
crunch-core\src\it\java\org\apache\crunch\io\avro\avrokeyvalueit.java;False;False;0.943;0.057
crunch-core\src\it\java\org\apache\crunch\io\avro\avromempipelineit.java;False;True;0.427;0.573
crunch-core\src\it\java\org\apache\crunch\io\avro\avromodeit.java;False;True;0.409;0.591
crunch-core\src\it\java\org\apache\crunch\io\avro\avromodeit.java;False;True;0.412;0.588
crunch-core\src\it\java\org\apache\crunch\io\avro\avromodeit.java;False;True;0.37;0.63
crunch-core\src\it\java\org\apache\crunch\io\avro\avromodeit.java;False;True;0.319;0.681
crunch-core\src\it\java\org\apache\crunch\io\avro\avropathperkeyit.java;False;False;0.966;0.034
crunch-core\src\it\java\org\apache\crunch\io\avro\avropipelineit.java;False;False;0.843;0.157
crunch-core\src\it\java\org\apache\crunch\io\avro\avroreflectit.java;False;False;0.948;0.052
crunch-core\src\it\java\org\apache\crunch\io\avro\avrowritableit.java;False;False;0.951;0.049
crunch-core\src\it\java\org\apache\crunch\io\avro\texttoavroit.java;False;False;0.99;0.01
crunch-core\src\it\java\org\apache\crunch\io\avro\trevni\trevnifilesourcetargetit.java;False;False;0.917;0.083
crunch-core\src\it\java\org\apache\crunch\io\avro\trevni\trevnikeypipelineit.java;False;False;0.86;0.14
crunch-core\src\it\java\org\apache\crunch\io\parquet\avroparquetfilesourcetargetit.java;False;False;0.502;0.498
crunch-core\src\it\java\org\apache\crunch\io\parquet\avroparquetfilesourcetargetit.java;False;False;0.527;0.473
crunch-core\src\it\java\org\apache\crunch\io\parquet\avroparquetpipelineit.java;False;False;0.889;0.111
crunch-core\src\it\java\org\apache\crunch\io\text\csv\csvfilesourceit.java;False;False;0.856;0.144
crunch-core\src\it\java\org\apache\crunch\io\text\xml\xmlsourceit.java;False;False;0.992;0.008
crunch-core\src\it\java\org\apache\crunch\io\text\xml\xmlsourceit.java;False;False;0.981;0.019
crunch-core\src\it\java\org\apache\crunch\lib\aggregateit.java;True;False;0.984;0.016
crunch-core\src\it\java\org\apache\crunch\lib\aggregateit.java;True;False;0.989;0.011
crunch-core\src\it\java\org\apache\crunch\lib\aggregateit.java;True;False;0.996;0.004
crunch-core\src\it\java\org\apache\crunch\lib\aggregateit.java;True;False;0.994;0.006
crunch-core\src\it\java\org\apache\crunch\lib\aggregateit.java;True;False;0.996;0.004
crunch-core\src\it\java\org\apache\crunch\lib\avrotypesortit.java;False;False;0.956;0.044
crunch-core\src\it\java\org\apache\crunch\lib\cogroupit.java;False;False;0.952;0.048
crunch-core\src\it\java\org\apache\crunch\lib\cogroupit.java;False;False;0.991;0.009
crunch-core\src\it\java\org\apache\crunch\lib\cogroupit.java;False;False;0.984;0.016
crunch-core\src\it\java\org\apache\crunch\lib\cogroupit.java;False;False;0.978;0.022
crunch-core\src\it\java\org\apache\crunch\lib\mapredit.java;False;False;0.983;0.017
crunch-core\src\it\java\org\apache\crunch\lib\mapredit.java;False;False;0.985;0.015
crunch-core\src\it\java\org\apache\crunch\lib\mapredit.java;False;False;0.985;0.015
crunch-core\src\it\java\org\apache\crunch\lib\mapreduceit.java;False;False;0.988;0.012
crunch-core\src\it\java\org\apache\crunch\lib\mapreduceit.java;False;False;0.992;0.008
crunch-core\src\it\java\org\apache\crunch\lib\mapreduceit.java;False;False;0.981;0.019
crunch-core\src\it\java\org\apache\crunch\lib\mapreduceit.java;False;False;0.998;0.002
crunch-core\src\it\java\org\apache\crunch\lib\mapreduceit.java;False;False;0.998;0.002
crunch-core\src\it\java\org\apache\crunch\lib\personprotos.java;False;False;0.689;0.311
crunch-core\src\it\java\org\apache\crunch\lib\personprotos.java;False;False;0.675;0.325
crunch-core\src\it\java\org\apache\crunch\lib\personprotos.java;False;False;0.689;0.311
crunch-core\src\it\java\org\apache\crunch\lib\personprotos.java;False;False;0.687;0.313
crunch-core\src\it\java\org\apache\crunch\lib\personprotos.java;False;False;0.685;0.315
crunch-core\src\it\java\org\apache\crunch\lib\personprotos.java;False;False;0.671;0.329
crunch-core\src\it\java\org\apache\crunch\lib\personprotos.java;False;False;0.685;0.315
crunch-core\src\it\java\org\apache\crunch\lib\personprotos.java;False;False;0.642;0.358
crunch-core\src\it\java\org\apache\crunch\lib\personprotos.java;False;False;0.652;0.348
crunch-core\src\it\java\org\apache\crunch\lib\secondarysortit.java;False;False;0.987;0.013
crunch-core\src\it\java\org\apache\crunch\lib\setit.java;False;False;0.896;0.104
crunch-core\src\it\java\org\apache\crunch\lib\shardit.java;False;False;0.988;0.012
crunch-core\src\it\java\org\apache\crunch\lib\sortbyvalueit.java;False;False;0.991;0.009
crunch-core\src\it\java\org\apache\crunch\lib\sortbyvalueit.java;False;False;0.995;0.005
crunch-core\src\it\java\org\apache\crunch\lib\sortit.java;False;False;0.913;0.087
crunch-core\src\it\java\org\apache\crunch\lib\specificavrogroupbyit.java;False;False;0.951;0.049
crunch-core\src\it\java\org\apache\crunch\lib\join\abstractfullouterjoinit.java;False;False;0.993;0.007
crunch-core\src\it\java\org\apache\crunch\lib\join\abstractinnerjoinit.java;False;False;0.988;0.012
crunch-core\src\it\java\org\apache\crunch\lib\join\abstractleftouterjoinit.java;False;False;0.991;0.009
crunch-core\src\it\java\org\apache\crunch\lib\join\abstractrightouterjoinit.java;False;False;0.99;0.01
crunch-core\src\it\java\org\apache\crunch\lib\join\bloomfilterinnerjoinit.java;False;False;0.997;0.003
crunch-core\src\it\java\org\apache\crunch\lib\join\bloomfilterleftouterjoinit.java;False;False;0.997;0.003
crunch-core\src\it\java\org\apache\crunch\lib\join\defaultfullouterjoinit.java;False;False;1.0;0.0
crunch-core\src\it\java\org\apache\crunch\lib\join\defaultinnerjoinit.java;False;False;1.0;0.0
crunch-core\src\it\java\org\apache\crunch\lib\join\defaultleftouterjoinit.java;False;False;1.0;0.0
crunch-core\src\it\java\org\apache\crunch\lib\join\defaultrightouterjoinit.java;False;False;1.0;0.0
crunch-core\src\it\java\org\apache\crunch\lib\join\fullouterjoinfntest.java;False;False;0.996;0.004
crunch-core\src\it\java\org\apache\crunch\lib\join\jointester.java;False;False;0.977;0.023
crunch-core\src\it\java\org\apache\crunch\lib\join\jointester.java;False;False;0.992;0.008
crunch-core\src\it\java\org\apache\crunch\lib\join\mapsidejoinstrategyit.java;True;False;0.962;0.038
crunch-core\src\it\java\org\apache\crunch\lib\join\mapsidejoinstrategyit.java;True;False;0.959;0.041
crunch-core\src\it\java\org\apache\crunch\lib\join\mapsidejoinstrategyit.java;True;False;0.962;0.038
crunch-core\src\it\java\org\apache\crunch\lib\join\mapsidejoinstrategyit.java;True;False;0.864;0.136
crunch-core\src\it\java\org\apache\crunch\lib\join\multiavroschemajoinit.java;False;False;0.938;0.062
crunch-core\src\it\java\org\apache\crunch\lib\join\multiavroschemajoinit.java;False;False;0.924;0.076
crunch-core\src\it\java\org\apache\crunch\lib\join\shardedinnerjoinit.java;False;False;0.999;0.001
crunch-core\src\it\java\org\apache\crunch\lib\join\shardedrightouterjoinit.java;False;False;0.996;0.004
crunch-core\src\it\java\org\apache\crunch\test\temporarypaths.java;False;False;0.989;0.011
crunch-core\src\it\java\org\apache\crunch\test\tests.java;False;False;0.969;0.031
crunch-core\src\it\java\org\apache\crunch\types\avro\safeavroserializationit.java;False;False;0.923;0.077
crunch-core\src\it\java\org\apache\crunch\types\avro\safeavroserializationit.java;False;False;0.937;0.063
crunch-core\src\it\java\org\apache\crunch\types\avro\safeavroserializationit.java;False;False;0.828;0.172
crunch-core\src\main\java\org\apache\crunch\aggregator.java;False;False;0.98;0.02
crunch-core\src\main\java\org\apache\crunch\cachingoptions.java;False;False;0.975;0.025
crunch-core\src\main\java\org\apache\crunch\cachingoptions.java;False;False;0.893;0.107
crunch-core\src\main\java\org\apache\crunch\combinefn.java;False;False;0.955;0.045
crunch-core\src\main\java\org\apache\crunch\createoptions.java;False;False;0.945;0.055
crunch-core\src\main\java\org\apache\crunch\crunchruntimeexception.java;False;False;0.972;0.028
crunch-core\src\main\java\org\apache\crunch\dofn.java;False;False;0.886;0.114
crunch-core\src\main\java\org\apache\crunch\emitter.java;False;False;0.998;0.002
crunch-core\src\main\java\org\apache\crunch\filterfn.java;False;False;0.98;0.02
crunch-core\src\main\java\org\apache\crunch\groupingoptions.java;True;False;0.971;0.029
crunch-core\src\main\java\org\apache\crunch\groupingoptions.java;True;False;0.929;0.071
crunch-core\src\main\java\org\apache\crunch\mapfn.java;False;False;0.994;0.006
crunch-core\src\main\java\org\apache\crunch\pcollection.java;False;False;0.846;0.154
crunch-core\src\main\java\org\apache\crunch\pcollection.java;False;False;0.898;0.102
crunch-core\src\main\java\org\apache\crunch\pgroupedtable.java;False;False;0.885;0.115
crunch-core\src\main\java\org\apache\crunch\pobject.java;False;False;0.987;0.013
crunch-core\src\main\java\org\apache\crunch\ptable.java;False;False;0.897;0.103
crunch-core\src\main\java\org\apache\crunch\ptable.java;False;False;0.989;0.011
crunch-core\src\main\java\org\apache\crunch\pair.java;True;False;0.968;0.032
crunch-core\src\main\java\org\apache\crunch\paralleldooptions.java;False;False;0.983;0.017
crunch-core\src\main\java\org\apache\crunch\paralleldooptions.java;False;False;0.928;0.072
crunch-core\src\main\java\org\apache\crunch\pipeline.java;False;False;0.844;0.156
crunch-core\src\main\java\org\apache\crunch\pipeline.java;False;False;0.913;0.087
crunch-core\src\main\java\org\apache\crunch\pipelinecallable.java;False;False;0.733;0.267
crunch-core\src\main\java\org\apache\crunch\pipelineexecution.java;False;False;0.831;0.169
crunch-core\src\main\java\org\apache\crunch\pipelineresult.java;False;False;0.955;0.045
crunch-core\src\main\java\org\apache\crunch\pipelineresult.java;False;False;0.976;0.024
crunch-core\src\main\java\org\apache\crunch\readabledata.java;False;False;0.976;0.024
crunch-core\src\main\java\org\apache\crunch\source.java;False;False;0.987;0.013
crunch-core\src\main\java\org\apache\crunch\sourcetarget.java;False;False;0.985;0.015
crunch-core\src\main\java\org\apache\crunch\tablesource.java;False;False;0.988;0.012
crunch-core\src\main\java\org\apache\crunch\tablesourcetarget.java;False;False;0.969;0.031
crunch-core\src\main\java\org\apache\crunch\target.java;False;False;0.898;0.102
crunch-core\src\main\java\org\apache\crunch\tuple.java;False;False;0.998;0.002
crunch-core\src\main\java\org\apache\crunch\tuple3.java;False;False;0.992;0.008
crunch-core\src\main\java\org\apache\crunch\tuple3.java;False;False;0.98;0.02
crunch-core\src\main\java\org\apache\crunch\tuple4.java;False;False;0.986;0.014
crunch-core\src\main\java\org\apache\crunch\tuple4.java;False;False;0.97;0.03
crunch-core\src\main\java\org\apache\crunch\tuplen.java;False;False;0.956;0.044
crunch-core\src\main\java\org\apache\crunch\union.java;False;False;0.93;0.07
crunch-core\src\main\java\org\apache\crunch\fn\aggregators.java;True;True;0.028;0.972
crunch-core\src\main\java\org\apache\crunch\fn\aggregators.java;True;True;0.037;0.963
crunch-core\src\main\java\org\apache\crunch\fn\aggregators.java;True;True;0.028;0.972
crunch-core\src\main\java\org\apache\crunch\fn\aggregators.java;True;True;0.028;0.972
crunch-core\src\main\java\org\apache\crunch\fn\aggregators.java;True;True;0.028;0.972
crunch-core\src\main\java\org\apache\crunch\fn\aggregators.java;True;True;0.027;0.973
crunch-core\src\main\java\org\apache\crunch\fn\aggregators.java;True;True;0.028;0.972
crunch-core\src\main\java\org\apache\crunch\fn\aggregators.java;True;True;0.028;0.972
crunch-core\src\main\java\org\apache\crunch\fn\aggregators.java;True;True;0.028;0.972
crunch-core\src\main\java\org\apache\crunch\fn\aggregators.java;True;True;0.028;0.972
crunch-core\src\main\java\org\apache\crunch\fn\aggregators.java;True;True;0.031;0.969
crunch-core\src\main\java\org\apache\crunch\fn\aggregators.java;True;True;0.028;0.972
crunch-core\src\main\java\org\apache\crunch\fn\aggregators.java;True;True;0.028;0.972
crunch-core\src\main\java\org\apache\crunch\fn\aggregators.java;True;True;0.028;0.972
crunch-core\src\main\java\org\apache\crunch\fn\aggregators.java;True;True;0.028;0.972
crunch-core\src\main\java\org\apache\crunch\fn\aggregators.java;True;True;0.028;0.972
crunch-core\src\main\java\org\apache\crunch\fn\aggregators.java;True;True;0.028;0.972
crunch-core\src\main\java\org\apache\crunch\fn\aggregators.java;True;True;0.028;0.972
crunch-core\src\main\java\org\apache\crunch\fn\aggregators.java;True;True;0.028;0.972
crunch-core\src\main\java\org\apache\crunch\fn\aggregators.java;True;True;0.028;0.972
crunch-core\src\main\java\org\apache\crunch\fn\aggregators.java;True;True;0.028;0.972
crunch-core\src\main\java\org\apache\crunch\fn\aggregators.java;True;True;0.028;0.972
crunch-core\src\main\java\org\apache\crunch\fn\aggregators.java;True;True;0.028;0.972
crunch-core\src\main\java\org\apache\crunch\fn\aggregators.java;True;True;0.028;0.972
crunch-core\src\main\java\org\apache\crunch\fn\aggregators.java;True;True;0.028;0.972
crunch-core\src\main\java\org\apache\crunch\fn\aggregators.java;True;True;0.028;0.972
crunch-core\src\main\java\org\apache\crunch\fn\aggregators.java;True;True;0.028;0.972
crunch-core\src\main\java\org\apache\crunch\fn\aggregators.java;True;True;0.028;0.972
crunch-core\src\main\java\org\apache\crunch\fn\aggregators.java;True;True;0.028;0.972
crunch-core\src\main\java\org\apache\crunch\fn\aggregators.java;True;True;0.028;0.972
crunch-core\src\main\java\org\apache\crunch\fn\aggregators.java;True;True;0.028;0.972
crunch-core\src\main\java\org\apache\crunch\fn\compositemapfn.java;True;False;0.914;0.086
crunch-core\src\main\java\org\apache\crunch\fn\extractkeyfn.java;True;False;0.959;0.041
crunch-core\src\main\java\org\apache\crunch\fn\filterfns.java;False;False;0.995;0.005
crunch-core\src\main\java\org\apache\crunch\fn\filterfns.java;False;False;0.992;0.008
crunch-core\src\main\java\org\apache\crunch\fn\filterfns.java;False;False;0.985;0.015
crunch-core\src\main\java\org\apache\crunch\fn\filterfns.java;False;False;0.998;0.002
crunch-core\src\main\java\org\apache\crunch\fn\filterfns.java;False;False;0.994;0.006
crunch-core\src\main\java\org\apache\crunch\fn\identityfn.java;False;False;0.976;0.024
crunch-core\src\main\java\org\apache\crunch\fn\pairmapfn.java;True;False;0.957;0.043
crunch-core\src\main\java\org\apache\crunch\fn\swapfn.java;False;False;0.991;0.009
crunch-core\src\main\java\org\apache\crunch\fn\package-info.java;False;False;1.0;0.0
crunch-core\src\main\java\org\apache\crunch\hadoop\mapreduce\taskattemptcontextfactory.java;False;False;0.95;0.05
crunch-core\src\main\java\org\apache\crunch\hadoop\mapreduce\lib\jobcontrol\crunchcontrolledjob.java;True;False;0.815;0.185
crunch-core\src\main\java\org\apache\crunch\hadoop\mapreduce\lib\jobcontrol\crunchjobcontrol.java;True;False;0.782;0.218
crunch-core\src\main\java\org\apache\crunch\hadoop\mapreduce\lib\jobcontrol\taskinputoutputcontextfactory.java;False;False;0.966;0.034
crunch-core\src\main\java\org\apache\crunch\impl\singleuseiterable.java;False;False;0.991;0.009
crunch-core\src\main\java\org\apache\crunch\impl\dist\distributedpipeline.java;True;False;0.728;0.272
crunch-core\src\main\java\org\apache\crunch\impl\dist\distributedpipeline.java;True;False;0.888;0.112
crunch-core\src\main\java\org\apache\crunch\impl\dist\distributedpipeline.java;True;False;0.837;0.163
crunch-core\src\main\java\org\apache\crunch\impl\dist\collect\basedocollection.java;False;False;0.988;0.012
crunch-core\src\main\java\org\apache\crunch\impl\dist\collect\basedotable.java;False;False;0.973;0.027
crunch-core\src\main\java\org\apache\crunch\impl\dist\collect\basegroupedtable.java;False;True;0.411;0.589
crunch-core\src\main\java\org\apache\crunch\impl\dist\collect\basegroupedtable.java;False;False;0.639;0.361
crunch-core\src\main\java\org\apache\crunch\impl\dist\collect\baseinputcollection.java;False;False;0.84;0.16
crunch-core\src\main\java\org\apache\crunch\impl\dist\collect\baseinputtable.java;True;False;0.739;0.261
crunch-core\src\main\java\org\apache\crunch\impl\dist\collect\baseunioncollection.java;False;False;0.972;0.028
crunch-core\src\main\java\org\apache\crunch\impl\dist\collect\baseuniontable.java;False;False;0.971;0.029
crunch-core\src\main\java\org\apache\crunch\impl\dist\collect\emptypcollection.java;False;False;0.942;0.058
crunch-core\src\main\java\org\apache\crunch\impl\dist\collect\emptyptable.java;False;False;0.934;0.066
crunch-core\src\main\java\org\apache\crunch\impl\dist\collect\emptyreadabledata.java;False;False;0.98;0.02
crunch-core\src\main\java\org\apache\crunch\impl\dist\collect\mrcollection.java;False;False;0.994;0.006
crunch-core\src\main\java\org\apache\crunch\impl\dist\collect\pcollectionfactory.java;False;False;0.551;0.449
crunch-core\src\main\java\org\apache\crunch\impl\dist\collect\pcollectionimpl.java;False;True;0.212;0.788
crunch-core\src\main\java\org\apache\crunch\impl\dist\collect\pcollectionimpl.java;False;True;0.288;0.712
crunch-core\src\main\java\org\apache\crunch\impl\dist\collect\pcollectionimpl.java;False;True;0.287;0.713
crunch-core\src\main\java\org\apache\crunch\impl\dist\collect\ptablebase.java;False;True;0.345;0.655
crunch-core\src\main\java\org\apache\crunch\impl\dist\collect\ptablebase.java;False;False;0.578;0.422
crunch-core\src\main\java\org\apache\crunch\impl\mem\counterswrapper.java;True;False;0.949;0.051
crunch-core\src\main\java\org\apache\crunch\impl\mem\mempipeline.java;False;False;0.893;0.107
crunch-core\src\main\java\org\apache\crunch\impl\mem\mempipeline.java;False;False;0.751;0.249
crunch-core\src\main\java\org\apache\crunch\impl\mem\mempipeline.java;False;False;0.738;0.262
crunch-core\src\main\java\org\apache\crunch\impl\mem\collect\memcollection.java;False;True;0.34;0.66
crunch-core\src\main\java\org\apache\crunch\impl\mem\collect\memcollection.java;False;True;0.451;0.549
crunch-core\src\main\java\org\apache\crunch\impl\mem\collect\memgroupedtable.java;False;True;0.377;0.623
crunch-core\src\main\java\org\apache\crunch\impl\mem\collect\memgroupedtable.java;False;True;0.398;0.602
crunch-core\src\main\java\org\apache\crunch\impl\mem\collect\memreadabledata.java;False;False;0.986;0.014
crunch-core\src\main\java\org\apache\crunch\impl\mem\collect\memtable.java;False;True;0.305;0.695
crunch-core\src\main\java\org\apache\crunch\impl\mem\collect\memtable.java;False;False;0.522;0.478
crunch-core\src\main\java\org\apache\crunch\impl\mem\collect\shuffler.java;False;False;0.962;0.038
crunch-core\src\main\java\org\apache\crunch\impl\mem\collect\shuffler.java;False;False;0.973;0.027
crunch-core\src\main\java\org\apache\crunch\impl\mem\collect\shuffler.java;False;False;0.973;0.027
crunch-core\src\main\java\org\apache\crunch\impl\mem\collect\shuffler.java;False;False;0.964;0.036
crunch-core\src\main\java\org\apache\crunch\impl\mem\collect\shuffler.java;False;False;0.97;0.03
crunch-core\src\main\java\org\apache\crunch\impl\mem\collect\shuffler.java;False;False;0.974;0.026
crunch-core\src\main\java\org\apache\crunch\impl\mem\emit\inmemoryemitter.java;False;False;0.942;0.058
crunch-core\src\main\java\org\apache\crunch\impl\mem\package-info.java;False;False;1.0;0.0
crunch-core\src\main\java\org\apache\crunch\impl\mr\mrjob.java;False;False;0.991;0.009
crunch-core\src\main\java\org\apache\crunch\impl\mr\mrpipeline.java;True;False;0.672;0.328
crunch-core\src\main\java\org\apache\crunch\impl\mr\mrpipelineexecution.java;False;False;0.994;0.006
crunch-core\src\main\java\org\apache\crunch\impl\mr\collect\docollection.java;False;False;0.978;0.022
crunch-core\src\main\java\org\apache\crunch\impl\mr\collect\dotable.java;False;False;0.99;0.01
crunch-core\src\main\java\org\apache\crunch\impl\mr\collect\inputcollection.java;False;False;0.847;0.153
crunch-core\src\main\java\org\apache\crunch\impl\mr\collect\inputtable.java;False;False;0.968;0.032
crunch-core\src\main\java\org\apache\crunch\impl\mr\collect\mrcollectionfactory.java;False;False;0.598;0.402
crunch-core\src\main\java\org\apache\crunch\impl\mr\collect\pgroupedtableimpl.java;False;False;0.973;0.027
crunch-core\src\main\java\org\apache\crunch\impl\mr\collect\unioncollection.java;False;False;0.959;0.041
crunch-core\src\main\java\org\apache\crunch\impl\mr\collect\uniontable.java;False;False;0.976;0.024
crunch-core\src\main\java\org\apache\crunch\impl\mr\emit\intermediateemitter.java;False;False;0.975;0.025
crunch-core\src\main\java\org\apache\crunch\impl\mr\emit\multipleoutputemitter.java;False;False;0.942;0.058
crunch-core\src\main\java\org\apache\crunch\impl\mr\emit\outputemitter.java;False;False;0.981;0.019
crunch-core\src\main\java\org\apache\crunch\impl\mr\exec\cappedexponentialcounter.java;False;False;0.989;0.011
crunch-core\src\main\java\org\apache\crunch\impl\mr\exec\crunchjobhooks.java;True;False;0.994;0.006
crunch-core\src\main\java\org\apache\crunch\impl\mr\exec\crunchjobhooks.java;True;False;0.994;0.006
crunch-core\src\main\java\org\apache\crunch\impl\mr\exec\crunchjobhooks.java;True;False;0.987;0.013
crunch-core\src\main\java\org\apache\crunch\impl\mr\exec\crunchjobhooks.java;True;False;0.994;0.006
crunch-core\src\main\java\org\apache\crunch\impl\mr\exec\mrexecutor.java;False;True;0.488;0.512
crunch-core\src\main\java\org\apache\crunch\impl\mr\package-info.java;False;False;1.0;0.0
crunch-core\src\main\java\org\apache\crunch\impl\mr\plan\commondotfilewriter.java;False;False;0.762;0.238
crunch-core\src\main\java\org\apache\crunch\impl\mr\plan\donode.java;False;False;0.832;0.168
crunch-core\src\main\java\org\apache\crunch\impl\mr\plan\dotfileutills.java;True;False;0.89;0.11
crunch-core\src\main\java\org\apache\crunch\impl\mr\plan\dotfilewriter.java;False;False;0.946;0.054
crunch-core\src\main\java\org\apache\crunch\impl\mr\plan\dotfilewritergraph.java;False;False;0.849;0.151
crunch-core\src\main\java\org\apache\crunch\impl\mr\plan\dotfilewritergraph.java;False;False;0.826;0.174
crunch-core\src\main\java\org\apache\crunch\impl\mr\plan\dotfilewriterpcollectionlineage.java;False;False;0.985;0.015
crunch-core\src\main\java\org\apache\crunch\impl\mr\plan\dotfilewriterrtnodes.java;False;False;0.8;0.2
crunch-core\src\main\java\org\apache\crunch\impl\mr\plan\edge.java;False;False;0.879;0.121
crunch-core\src\main\java\org\apache\crunch\impl\mr\plan\graph.java;False;False;0.955;0.045
crunch-core\src\main\java\org\apache\crunch\impl\mr\plan\graphbuilder.java;False;False;0.967;0.033
crunch-core\src\main\java\org\apache\crunch\impl\mr\plan\jobnamebuilder.java;False;False;0.953;0.047
crunch-core\src\main\java\org\apache\crunch\impl\mr\plan\jobprototype.java;True;True;0.486;0.514
crunch-core\src\main\java\org\apache\crunch\impl\mr\plan\mscroutputhandler.java;False;False;0.956;0.044
crunch-core\src\main\java\org\apache\crunch\impl\mr\plan\mscrplanner.java;False;True;0.273;0.727
crunch-core\src\main\java\org\apache\crunch\impl\mr\plan\nodepath.java;False;False;0.962;0.038
crunch-core\src\main\java\org\apache\crunch\impl\mr\plan\planningparameters.java;False;False;0.977;0.023
crunch-core\src\main\java\org\apache\crunch\impl\mr\plan\vertex.java;False;False;0.925;0.075
crunch-core\src\main\java\org\apache\crunch\impl\mr\run\crunchcombinefileinputformat.java;False;False;0.991;0.009
crunch-core\src\main\java\org\apache\crunch\impl\mr\run\crunchcombiner.java;False;False;0.985;0.015
crunch-core\src\main\java\org\apache\crunch\impl\mr\run\crunchinputformat.java;False;False;0.979;0.021
crunch-core\src\main\java\org\apache\crunch\impl\mr\run\crunchinputsplit.java;True;False;0.932;0.068
crunch-core\src\main\java\org\apache\crunch\impl\mr\run\crunchmapper.java;False;False;0.962;0.038
crunch-core\src\main\java\org\apache\crunch\impl\mr\run\crunchmapper.java;False;False;0.958;0.042
crunch-core\src\main\java\org\apache\crunch\impl\mr\run\crunchmapper.java;False;False;0.96;0.04
crunch-core\src\main\java\org\apache\crunch\impl\mr\run\crunchmapper.java;False;False;0.938;0.062
crunch-core\src\main\java\org\apache\crunch\impl\mr\run\crunchoutputformat.java;False;False;0.827;0.173
crunch-core\src\main\java\org\apache\crunch\impl\mr\run\crunchrecordreader.java;True;False;0.953;0.047
crunch-core\src\main\java\org\apache\crunch\impl\mr\run\crunchreducer.java;False;False;0.951;0.049
crunch-core\src\main\java\org\apache\crunch\impl\mr\run\crunchreducer.java;False;False;0.95;0.05
crunch-core\src\main\java\org\apache\crunch\impl\mr\run\crunchreducer.java;False;False;0.96;0.04
crunch-core\src\main\java\org\apache\crunch\impl\mr\run\crunchreducer.java;False;False;0.956;0.044
crunch-core\src\main\java\org\apache\crunch\impl\mr\run\crunchtaskcontext.java;False;False;0.949;0.051
crunch-core\src\main\java\org\apache\crunch\impl\mr\run\nodecontext.java;False;False;0.992;0.008
crunch-core\src\main\java\org\apache\crunch\impl\mr\run\rtnode.java;False;False;0.831;0.169
crunch-core\src\main\java\org\apache\crunch\impl\mr\run\runtimeparameters.java;False;False;0.986;0.014
crunch-core\src\main\java\org\apache\crunch\io\at.java;False;False;0.894;0.106
crunch-core\src\main\java\org\apache\crunch\io\compositepathiterable.java;False;False;0.97;0.03
crunch-core\src\main\java\org\apache\crunch\io\compress.java;False;False;0.987;0.013
crunch-core\src\main\java\org\apache\crunch\io\crunchinputs.java;False;False;0.975;0.025
crunch-core\src\main\java\org\apache\crunch\io\crunchoutputs.java;True;False;0.511;0.489
crunch-core\src\main\java\org\apache\crunch\io\crunchoutputs.java;True;False;0.518;0.482
crunch-core\src\main\java\org\apache\crunch\io\crunchoutputs.java;True;True;0.489;0.511
crunch-core\src\main\java\org\apache\crunch\io\crunchoutputs.java;True;False;0.54;0.46
crunch-core\src\main\java\org\apache\crunch\io\crunchoutputs.java;True;False;0.526;0.474
crunch-core\src\main\java\org\apache\crunch\io\filenamingscheme.java;False;False;0.98;0.02
crunch-core\src\main\java\org\apache\crunch\io\filereaderfactory.java;False;False;0.997;0.003
crunch-core\src\main\java\org\apache\crunch\io\formatbundle.java;False;False;0.894;0.106
crunch-core\src\main\java\org\apache\crunch\io\from.java;False;False;0.901;0.099
crunch-core\src\main\java\org\apache\crunch\io\mapreducetarget.java;False;False;0.97;0.03
crunch-core\src\main\java\org\apache\crunch\io\outputhandler.java;False;False;0.998;0.002
crunch-core\src\main\java\org\apache\crunch\io\pathtarget.java;False;False;0.989;0.011
crunch-core\src\main\java\org\apache\crunch\io\readablesource.java;False;False;0.991;0.009
crunch-core\src\main\java\org\apache\crunch\io\readablesourcetarget.java;False;False;0.982;0.018
crunch-core\src\main\java\org\apache\crunch\io\sequentialfilenamingscheme.java;False;False;0.965;0.035
crunch-core\src\main\java\org\apache\crunch\io\sourcetargethelper.java;False;True;0.441;0.559
crunch-core\src\main\java\org\apache\crunch\io\to.java;False;False;0.92;0.08
crunch-core\src\main\java\org\apache\crunch\io\avro\avrofilereaderfactory.java;False;False;0.946;0.054
crunch-core\src\main\java\org\apache\crunch\io\avro\avrofilesource.java;False;False;0.955;0.045
crunch-core\src\main\java\org\apache\crunch\io\avro\avrofilesourcetarget.java;False;False;0.998;0.002
crunch-core\src\main\java\org\apache\crunch\io\avro\avrofiletarget.java;False;False;0.839;0.161
crunch-core\src\main\java\org\apache\crunch\io\avro\avropathperkeytarget.java;False;False;0.9;0.1
crunch-core\src\main\java\org\apache\crunch\io\avro\avroreadabledata.java;False;False;0.998;0.002
crunch-core\src\main\java\org\apache\crunch\io\avro\avrotablefilesource.java;False;False;0.97;0.03
crunch-core\src\main\java\org\apache\crunch\io\avro\trevni\trevnifilereaderfactory.java;False;False;0.919;0.081
crunch-core\src\main\java\org\apache\crunch\io\avro\trevni\trevnikeysource.java;False;False;0.983;0.017
crunch-core\src\main\java\org\apache\crunch\io\avro\trevni\trevnikeysourcetarget.java;False;False;0.988;0.012
crunch-core\src\main\java\org\apache\crunch\io\avro\trevni\trevnikeytarget.java;False;False;0.951;0.049
crunch-core\src\main\java\org\apache\crunch\io\avro\trevni\trevnioutputformat.java;False;False;0.992;0.008
crunch-core\src\main\java\org\apache\crunch\io\avro\trevni\trevnireadabledata.java;False;False;0.999;0.001
crunch-core\src\main\java\org\apache\crunch\io\avro\trevni\trevnirecordwriter.java;False;False;0.984;0.016
crunch-core\src\main\java\org\apache\crunch\io\impl\autoclosingiterator.java;False;False;0.975;0.025
crunch-core\src\main\java\org\apache\crunch\io\impl\defaultfilereaderfactory.java;False;False;0.762;0.238
crunch-core\src\main\java\org\apache\crunch\io\impl\defaultfilereaderfactory.java;False;False;0.845;0.155
crunch-core\src\main\java\org\apache\crunch\io\impl\filereadabledata.java;False;False;0.935;0.065
crunch-core\src\main\java\org\apache\crunch\io\impl\filesourceimpl.java;False;False;0.668;0.332
crunch-core\src\main\java\org\apache\crunch\io\impl\filetablesourceimpl.java;False;False;0.992;0.008
crunch-core\src\main\java\org\apache\crunch\io\impl\filetargetimpl.java;False;False;0.831;0.169
crunch-core\src\main\java\org\apache\crunch\io\impl\readabledataimpl.java;False;False;0.819;0.181
crunch-core\src\main\java\org\apache\crunch\io\impl\readablesourcepathtargetimpl.java;False;False;0.971;0.029
crunch-core\src\main\java\org\apache\crunch\io\impl\readablesourcetargetimpl.java;False;False;0.959;0.041
crunch-core\src\main\java\org\apache\crunch\io\impl\sourcepathtargetimpl.java;False;False;0.99;0.01
crunch-core\src\main\java\org\apache\crunch\io\impl\sourcetargetimpl.java;False;False;0.939;0.061
crunch-core\src\main\java\org\apache\crunch\io\impl\tablesourcepathtargetimpl.java;False;False;0.979;0.021
crunch-core\src\main\java\org\apache\crunch\io\impl\tablesourcetargetimpl.java;False;False;0.98;0.02
crunch-core\src\main\java\org\apache\crunch\io\package-info.java;False;False;1.0;0.0
crunch-core\src\main\java\org\apache\crunch\io\parquet\avroparquetconverter.java;False;False;0.858;0.142
crunch-core\src\main\java\org\apache\crunch\io\parquet\avroparquetfilereaderfactory.java;False;False;0.968;0.032
crunch-core\src\main\java\org\apache\crunch\io\parquet\avroparquetfilereaderfactory.java;False;False;0.989;0.011
crunch-core\src\main\java\org\apache\crunch\io\parquet\avroparquetfilesource.java;False;False;0.635;0.365
crunch-core\src\main\java\org\apache\crunch\io\parquet\avroparquetfilesource.java;False;False;0.674;0.326
crunch-core\src\main\java\org\apache\crunch\io\parquet\avroparquetfilesourcetarget.java;False;False;0.962;0.038
crunch-core\src\main\java\org\apache\crunch\io\parquet\avroparquetfiletarget.java;True;False;0.982;0.018
crunch-core\src\main\java\org\apache\crunch\io\parquet\avroparquetfiletarget.java;True;False;0.994;0.006
crunch-core\src\main\java\org\apache\crunch\io\parquet\avroparquetfiletarget.java;True;False;0.994;0.006
crunch-core\src\main\java\org\apache\crunch\io\parquet\avroparquetreadabledata.java;False;False;0.999;0.001
crunch-core\src\main\java\org\apache\crunch\io\seq\seqfilehelper.java;False;False;0.983;0.017
crunch-core\src\main\java\org\apache\crunch\io\seq\seqfilereadabledata.java;False;False;0.995;0.005
crunch-core\src\main\java\org\apache\crunch\io\seq\seqfilereaderfactory.java;False;False;0.916;0.084
crunch-core\src\main\java\org\apache\crunch\io\seq\seqfilesource.java;False;False;0.952;0.048
crunch-core\src\main\java\org\apache\crunch\io\seq\seqfilesourcetarget.java;False;False;0.998;0.002
crunch-core\src\main\java\org\apache\crunch\io\seq\seqfiletablesource.java;False;False;0.992;0.008
crunch-core\src\main\java\org\apache\crunch\io\seq\seqfiletablesourcetarget.java;False;False;0.997;0.003
crunch-core\src\main\java\org\apache\crunch\io\seq\seqfiletarget.java;False;False;0.978;0.022
crunch-core\src\main\java\org\apache\crunch\io\text\lineparser.java;False;False;0.998;0.002
crunch-core\src\main\java\org\apache\crunch\io\text\lineparser.java;False;False;0.995;0.005
crunch-core\src\main\java\org\apache\crunch\io\text\lineparser.java;False;False;0.998;0.002
crunch-core\src\main\java\org\apache\crunch\io\text\nlinefilesource.java;False;False;0.985;0.015
crunch-core\src\main\java\org\apache\crunch\io\text\textfilereaderfactory.java;False;False;0.932;0.068
crunch-core\src\main\java\org\apache\crunch\io\text\textfilesource.java;False;False;0.977;0.023
crunch-core\src\main\java\org\apache\crunch\io\text\textfilesourcetarget.java;False;False;0.998;0.002
crunch-core\src\main\java\org\apache\crunch\io\text\textfiletablesource.java;False;False;0.991;0.009
crunch-core\src\main\java\org\apache\crunch\io\text\textfiletablesourcetarget.java;False;False;0.99;0.01
crunch-core\src\main\java\org\apache\crunch\io\text\textfiletarget.java;False;False;0.935;0.065
crunch-core\src\main\java\org\apache\crunch\io\text\textreadabledata.java;False;False;0.986;0.014
crunch-core\src\main\java\org\apache\crunch\io\text\csv\csvfilereaderfactory.java;False;False;0.961;0.039
crunch-core\src\main\java\org\apache\crunch\io\text\csv\csvfilesource.java;False;False;0.901;0.099
crunch-core\src\main\java\org\apache\crunch\io\text\csv\csvinputformat.java;False;False;0.889;0.111
crunch-core\src\main\java\org\apache\crunch\io\text\csv\csvlinereader.java;False;False;0.794;0.206
crunch-core\src\main\java\org\apache\crunch\io\text\csv\csvreadabledata.java;False;False;0.924;0.076
crunch-core\src\main\java\org\apache\crunch\io\text\csv\csvrecorditerator.java;False;False;0.834;0.166
crunch-core\src\main\java\org\apache\crunch\io\text\csv\csvrecordreader.java;False;False;0.917;0.083
crunch-core\src\main\java\org\apache\crunch\io\text\xml\xmlinputformat.java;False;False;0.799;0.201
crunch-core\src\main\java\org\apache\crunch\io\text\xml\xmlinputformat.java;False;False;0.809;0.191
crunch-core\src\main\java\org\apache\crunch\io\text\xml\xmlsource.java;False;False;0.939;0.061
crunch-core\src\main\java\org\apache\crunch\lib\aggregate.java;False;False;0.953;0.047
crunch-core\src\main\java\org\apache\crunch\lib\aggregate.java;False;False;0.999;0.001
crunch-core\src\main\java\org\apache\crunch\lib\aggregate.java;False;False;0.994;0.006
crunch-core\src\main\java\org\apache\crunch\lib\aggregate.java;False;False;0.997;0.003
crunch-core\src\main\java\org\apache\crunch\lib\average.java;False;False;0.989;0.011
crunch-core\src\main\java\org\apache\crunch\lib\cartesian.java;False;False;0.949;0.051
crunch-core\src\main\java\org\apache\crunch\lib\cartesian.java;False;False;0.943;0.057
crunch-core\src\main\java\org\apache\crunch\lib\channels.java;False;False;0.978;0.022
crunch-core\src\main\java\org\apache\crunch\lib\channels.java;False;False;0.991;0.009
crunch-core\src\main\java\org\apache\crunch\lib\channels.java;False;False;0.991;0.009
crunch-core\src\main\java\org\apache\crunch\lib\cogroup.java;False;False;0.935;0.065
crunch-core\src\main\java\org\apache\crunch\lib\cogroup.java;False;False;0.93;0.07
crunch-core\src\main\java\org\apache\crunch\lib\cogroup.java;False;False;0.904;0.096
crunch-core\src\main\java\org\apache\crunch\lib\distinct.java;False;False;0.992;0.008
crunch-core\src\main\java\org\apache\crunch\lib\distinct.java;False;False;1.0;0.0
crunch-core\src\main\java\org\apache\crunch\lib\distinct.java;False;False;1.0;0.0
crunch-core\src\main\java\org\apache\crunch\lib\dofns.java;False;False;0.994;0.006
crunch-core\src\main\java\org\apache\crunch\lib\dofns.java;False;False;0.994;0.006
crunch-core\src\main\java\org\apache\crunch\lib\dofns.java;False;False;0.979;0.021
crunch-core\src\main\java\org\apache\crunch\lib\join.java;False;False;0.99;0.01
crunch-core\src\main\java\org\apache\crunch\lib\mapred.java;False;False;0.956;0.044
crunch-core\src\main\java\org\apache\crunch\lib\mapred.java;False;False;0.967;0.033
crunch-core\src\main\java\org\apache\crunch\lib\mapred.java;False;False;0.961;0.039
crunch-core\src\main\java\org\apache\crunch\lib\mapred.java;False;False;0.995;0.005
crunch-core\src\main\java\org\apache\crunch\lib\mapred.java;False;False;0.997;0.003
crunch-core\src\main\java\org\apache\crunch\lib\mapreduce.java;False;False;0.962;0.038
crunch-core\src\main\java\org\apache\crunch\lib\mapreduce.java;False;False;0.933;0.067
crunch-core\src\main\java\org\apache\crunch\lib\mapreduce.java;False;False;0.923;0.077
crunch-core\src\main\java\org\apache\crunch\lib\mapreduce.java;False;False;0.958;0.042
crunch-core\src\main\java\org\apache\crunch\lib\ptables.java;False;False;0.861;0.139
crunch-core\src\main\java\org\apache\crunch\lib\quantiles.java;True;False;0.952;0.048
crunch-core\src\main\java\org\apache\crunch\lib\quantiles.java;True;False;0.967;0.033
crunch-core\src\main\java\org\apache\crunch\lib\quantiles.java;True;False;0.955;0.045
crunch-core\src\main\java\org\apache\crunch\lib\quantiles.java;True;False;0.957;0.043
crunch-core\src\main\java\org\apache\crunch\lib\quantiles.java;True;False;0.967;0.033
crunch-core\src\main\java\org\apache\crunch\lib\sample.java;False;False;0.898;0.102
crunch-core\src\main\java\org\apache\crunch\lib\sampleutils.java;False;False;0.988;0.012
crunch-core\src\main\java\org\apache\crunch\lib\sampleutils.java;False;False;0.988;0.012
crunch-core\src\main\java\org\apache\crunch\lib\sampleutils.java;False;False;0.976;0.024
crunch-core\src\main\java\org\apache\crunch\lib\sampleutils.java;False;False;0.988;0.012
crunch-core\src\main\java\org\apache\crunch\lib\secondarysort.java;False;False;0.953;0.047
crunch-core\src\main\java\org\apache\crunch\lib\secondarysort.java;False;False;0.96;0.04
crunch-core\src\main\java\org\apache\crunch\lib\secondarysort.java;False;False;0.96;0.04
crunch-core\src\main\java\org\apache\crunch\lib\set.java;False;False;0.969;0.031
crunch-core\src\main\java\org\apache\crunch\lib\shard.java;False;False;0.976;0.024
crunch-core\src\main\java\org\apache\crunch\lib\shard.java;False;False;0.988;0.012
crunch-core\src\main\java\org\apache\crunch\lib\sort.java;False;False;0.99;0.01
crunch-core\src\main\java\org\apache\crunch\lib\sort.java;False;False;0.985;0.015
crunch-core\src\main\java\org\apache\crunch\lib\sort.java;False;False;0.96;0.04
crunch-core\src\main\java\org\apache\crunch\lib\toplist.java;False;False;0.959;0.041
crunch-core\src\main\java\org\apache\crunch\lib\join\bloomfilterjoinstrategy.java;False;False;0.924;0.076
crunch-core\src\main\java\org\apache\crunch\lib\join\bloomfilterjoinstrategy.java;False;False;0.934;0.066
crunch-core\src\main\java\org\apache\crunch\lib\join\bloomfilterjoinstrategy.java;False;False;0.946;0.054
crunch-core\src\main\java\org\apache\crunch\lib\join\bloomfilterjoinstrategy.java;False;False;0.94;0.06
crunch-core\src\main\java\org\apache\crunch\lib\join\bloomfilterjoinstrategy.java;False;False;0.946;0.054
crunch-core\src\main\java\org\apache\crunch\lib\join\defaultjoinstrategy.java;False;False;0.991;0.009
crunch-core\src\main\java\org\apache\crunch\lib\join\fullouterjoinfn.java;False;False;0.996;0.004
crunch-core\src\main\java\org\apache\crunch\lib\join\innerjoinfn.java;False;False;0.99;0.01
crunch-core\src\main\java\org\apache\crunch\lib\join\joinfn.java;False;False;0.993;0.007
crunch-core\src\main\java\org\apache\crunch\lib\join\joinstrategy.java;False;False;0.986;0.014
crunch-core\src\main\java\org\apache\crunch\lib\join\jointype.java;False;False;0.98;0.02
crunch-core\src\main\java\org\apache\crunch\lib\join\joinutils.java;True;False;0.965;0.035
crunch-core\src\main\java\org\apache\crunch\lib\join\joinutils.java;True;False;0.965;0.035
crunch-core\src\main\java\org\apache\crunch\lib\join\joinutils.java;True;False;0.951;0.049
crunch-core\src\main\java\org\apache\crunch\lib\join\joinutils.java;True;False;0.965;0.035
crunch-core\src\main\java\org\apache\crunch\lib\join\joinutils.java;True;False;0.965;0.035
crunch-core\src\main\java\org\apache\crunch\lib\join\leftouterjoinfn.java;False;False;0.996;0.004
crunch-core\src\main\java\org\apache\crunch\lib\join\mapsidejoinstrategy.java;False;False;0.82;0.18
crunch-core\src\main\java\org\apache\crunch\lib\join\mapsidejoinstrategy.java;False;False;0.82;0.18
crunch-core\src\main\java\org\apache\crunch\lib\join\mapsidejoinstrategy.java;False;False;0.826;0.174
crunch-core\src\main\java\org\apache\crunch\lib\join\mapsidejoinstrategy.java;False;False;0.82;0.18
crunch-core\src\main\java\org\apache\crunch\lib\join\onetomanyjoin.java;False;False;0.996;0.004
crunch-core\src\main\java\org\apache\crunch\lib\join\onetomanyjoin.java;False;False;0.997;0.003
crunch-core\src\main\java\org\apache\crunch\lib\join\onetomanyjoin.java;False;False;0.997;0.003
crunch-core\src\main\java\org\apache\crunch\lib\join\rightouterjoinfn.java;False;False;0.99;0.01
crunch-core\src\main\java\org\apache\crunch\lib\join\shardedjoinstrategy.java;False;False;0.999;0.001
crunch-core\src\main\java\org\apache\crunch\lib\join\shardedjoinstrategy.java;False;False;0.999;0.001
crunch-core\src\main\java\org\apache\crunch\lib\join\shardedjoinstrategy.java;False;False;0.999;0.001
crunch-core\src\main\java\org\apache\crunch\lib\join\shardedjoinstrategy.java;False;False;0.983;0.017
crunch-core\src\main\java\org\apache\crunch\lib\join\shardedjoinstrategy.java;False;False;0.999;0.001
crunch-core\src\main\java\org\apache\crunch\lib\join\package-info.java;False;False;1.0;0.0
crunch-core\src\main\java\org\apache\crunch\lib\package-info.java;False;False;1.0;0.0
crunch-core\src\main\java\org\apache\crunch\lib\sort\reverseavrocomparator.java;False;False;0.983;0.017
crunch-core\src\main\java\org\apache\crunch\lib\sort\reversewritablecomparator.java;False;False;0.988;0.012
crunch-core\src\main\java\org\apache\crunch\lib\sort\sortfns.java;False;False;0.998;0.002
crunch-core\src\main\java\org\apache\crunch\lib\sort\sortfns.java;False;False;0.998;0.002
crunch-core\src\main\java\org\apache\crunch\lib\sort\sortfns.java;False;False;0.998;0.002
crunch-core\src\main\java\org\apache\crunch\lib\sort\sortfns.java;False;False;0.971;0.029
crunch-core\src\main\java\org\apache\crunch\lib\sort\sortfns.java;False;False;0.998;0.002
crunch-core\src\main\java\org\apache\crunch\lib\sort\totalorderpartitioner.java;False;False;0.961;0.039
crunch-core\src\main\java\org\apache\crunch\lib\sort\totalorderpartitioner.java;False;False;0.949;0.051
crunch-core\src\main\java\org\apache\crunch\lib\sort\tuplewritablecomparator.java;False;False;0.935;0.065
crunch-core\src\main\java\org\apache\crunch\materialize\materializableiterable.java;False;False;0.922;0.078
crunch-core\src\main\java\org\apache\crunch\materialize\materializablemap.java;False;False;0.965;0.035
crunch-core\src\main\java\org\apache\crunch\materialize\pobject\collectionpobject.java;False;False;0.978;0.022
crunch-core\src\main\java\org\apache\crunch\materialize\pobject\firstelementpobject.java;False;False;0.996;0.004
crunch-core\src\main\java\org\apache\crunch\materialize\pobject\mappobject.java;False;False;0.935;0.065
crunch-core\src\main\java\org\apache\crunch\materialize\pobject\pobjectimpl.java;False;False;0.964;0.036
crunch-core\src\main\java\org\apache\crunch\package-info.java;False;False;1.0;0.0
crunch-core\src\main\java\org\apache\crunch\types\collectiondeepcopier.java;False;False;0.993;0.007
crunch-core\src\main\java\org\apache\crunch\types\converter.java;False;False;0.828;0.172
crunch-core\src\main\java\org\apache\crunch\types\deepcopier.java;False;False;0.991;0.009
crunch-core\src\main\java\org\apache\crunch\types\mapdeepcopier.java;False;False;0.985;0.015
crunch-core\src\main\java\org\apache\crunch\types\noopdeepcopier.java;False;False;0.991;0.009
crunch-core\src\main\java\org\apache\crunch\types\pgroupedtabletype.java;False;False;0.992;0.008
crunch-core\src\main\java\org\apache\crunch\types\pgroupedtabletype.java;False;False;0.989;0.011
crunch-core\src\main\java\org\apache\crunch\types\pgroupedtabletype.java;False;False;0.886;0.114
crunch-core\src\main\java\org\apache\crunch\types\pgroupedtabletype.java;False;False;0.99;0.01
crunch-core\src\main\java\org\apache\crunch\types\ptabletype.java;False;False;0.988;0.012
crunch-core\src\main\java\org\apache\crunch\types\ptype.java;False;False;0.579;0.421
crunch-core\src\main\java\org\apache\crunch\types\ptypefamily.java;False;False;0.883;0.117
crunch-core\src\main\java\org\apache\crunch\types\ptypeutils.java;False;False;0.994;0.006
crunch-core\src\main\java\org\apache\crunch\types\ptypes.java;False;False;0.999;0.001
crunch-core\src\main\java\org\apache\crunch\types\ptypes.java;False;False;0.999;0.001
crunch-core\src\main\java\org\apache\crunch\types\ptypes.java;False;False;0.999;0.001
crunch-core\src\main\java\org\apache\crunch\types\ptypes.java;False;False;0.999;0.001
crunch-core\src\main\java\org\apache\crunch\types\ptypes.java;False;False;0.999;0.001
crunch-core\src\main\java\org\apache\crunch\types\ptypes.java;False;False;0.999;0.001
crunch-core\src\main\java\org\apache\crunch\types\ptypes.java;False;False;0.951;0.049
crunch-core\src\main\java\org\apache\crunch\types\ptypes.java;False;False;0.999;0.001
crunch-core\src\main\java\org\apache\crunch\types\ptypes.java;False;False;0.998;0.002
crunch-core\src\main\java\org\apache\crunch\types\protos.java;False;False;0.987;0.013
crunch-core\src\main\java\org\apache\crunch\types\protos.java;False;False;0.976;0.024
crunch-core\src\main\java\org\apache\crunch\types\protos.java;False;False;0.987;0.013
crunch-core\src\main\java\org\apache\crunch\types\tupledeepcopier.java;False;False;0.992;0.008
crunch-core\src\main\java\org\apache\crunch\types\tuplefactory.java;False;False;0.988;0.012
crunch-core\src\main\java\org\apache\crunch\types\tuplefactory.java;False;False;0.989;0.011
crunch-core\src\main\java\org\apache\crunch\types\uniondeepcopier.java;False;False;0.966;0.034
crunch-core\src\main\java\org\apache\crunch\types\avro\avrocapabilities.java;False;False;0.996;0.004
crunch-core\src\main\java\org\apache\crunch\types\avro\avrocapabilities.java;False;False;0.988;0.012
crunch-core\src\main\java\org\apache\crunch\types\avro\avrocapabilities.java;False;False;0.999;0.001
crunch-core\src\main\java\org\apache\crunch\types\avro\avrodeepcopier.java;True;False;0.979;0.021
crunch-core\src\main\java\org\apache\crunch\types\avro\avrodeepcopier.java;True;False;0.965;0.035
crunch-core\src\main\java\org\apache\crunch\types\avro\avrodeepcopier.java;True;False;0.98;0.02
crunch-core\src\main\java\org\apache\crunch\types\avro\avrodeepcopier.java;True;False;0.979;0.021
crunch-core\src\main\java\org\apache\crunch\types\avro\avrodeepcopier.java;True;False;0.98;0.02
crunch-core\src\main\java\org\apache\crunch\types\avro\avroderivedvaluedeepcopier.java;False;False;0.905;0.095
crunch-core\src\main\java\org\apache\crunch\types\avro\avrogroupedtabletype.java;False;False;0.663;0.337
crunch-core\src\main\java\org\apache\crunch\types\avro\avroinputformat.java;False;False;0.955;0.045
crunch-core\src\main\java\org\apache\crunch\types\avro\avrokeyconverter.java;False;False;0.942;0.058
crunch-core\src\main\java\org\apache\crunch\types\avro\avrokeyvaluetabletype.java;False;False;0.988;0.012
crunch-core\src\main\java\org\apache\crunch\types\avro\avrokeyvaluetabletype.java;False;False;0.988;0.012
crunch-core\src\main\java\org\apache\crunch\types\avro\avrokeyvaluetabletype.java;False;False;0.993;0.007
crunch-core\src\main\java\org\apache\crunch\types\avro\avromode.java;False;False;0.922;0.078
crunch-core\src\main\java\org\apache\crunch\types\avro\avrooutputformat.java;False;False;0.814;0.186
crunch-core\src\main\java\org\apache\crunch\types\avro\avropairconverter.java;False;False;0.947;0.053
crunch-core\src\main\java\org\apache\crunch\types\avro\avropairconverter.java;False;False;0.959;0.041
crunch-core\src\main\java\org\apache\crunch\types\avro\avropathperkeyoutputformat.java;False;False;0.996;0.004
crunch-core\src\main\java\org\apache\crunch\types\avro\avropathperkeyoutputformat.java;False;False;0.989;0.011
crunch-core\src\main\java\org\apache\crunch\types\avro\avrorecordreader.java;False;False;0.903;0.097
crunch-core\src\main\java\org\apache\crunch\types\avro\avrotabletype.java;True;False;0.934;0.066
crunch-core\src\main\java\org\apache\crunch\types\avro\avrotabletype.java;True;False;0.961;0.039
crunch-core\src\main\java\org\apache\crunch\types\avro\avrotabletype.java;True;False;0.97;0.03
crunch-core\src\main\java\org\apache\crunch\types\avro\avrotextoutputformat.java;False;False;0.99;0.01
crunch-core\src\main\java\org\apache\crunch\types\avro\avrotextoutputformat.java;False;False;0.993;0.007
crunch-core\src\main\java\org\apache\crunch\types\avro\avrotype.java;True;False;0.693;0.307
crunch-core\src\main\java\org\apache\crunch\types\avro\avrotypefamily.java;False;False;0.775;0.225
crunch-core\src\main\java\org\apache\crunch\types\avro\avroutf8inputformat.java;False;False;0.934;0.066
crunch-core\src\main\java\org\apache\crunch\types\avro\avroutf8inputformat.java;False;False;0.997;0.003
crunch-core\src\main\java\org\apache\crunch\types\avro\avros.java;True;False;0.95;0.05
crunch-core\src\main\java\org\apache\crunch\types\avro\avros.java;True;False;0.892;0.108
crunch-core\src\main\java\org\apache\crunch\types\avro\avros.java;True;False;0.943;0.057
crunch-core\src\main\java\org\apache\crunch\types\avro\avros.java;True;False;0.952;0.048
crunch-core\src\main\java\org\apache\crunch\types\avro\avros.java;True;False;0.952;0.048
crunch-core\src\main\java\org\apache\crunch\types\avro\avros.java;True;False;0.951;0.049
crunch-core\src\main\java\org\apache\crunch\types\avro\avros.java;True;False;0.941;0.059
crunch-core\src\main\java\org\apache\crunch\types\avro\avros.java;True;False;0.952;0.048
crunch-core\src\main\java\org\apache\crunch\types\avro\avros.java;True;False;0.952;0.048
crunch-core\src\main\java\org\apache\crunch\types\avro\avros.java;True;False;0.952;0.048
crunch-core\src\main\java\org\apache\crunch\types\avro\avros.java;True;False;0.949;0.051
crunch-core\src\main\java\org\apache\crunch\types\avro\avros.java;True;False;0.951;0.049
crunch-core\src\main\java\org\apache\crunch\types\avro\avros.java;True;False;0.952;0.048
crunch-core\src\main\java\org\apache\crunch\types\avro\baseavrotabletype.java;False;False;0.968;0.032
crunch-core\src\main\java\org\apache\crunch\types\avro\readerwriterfactory.java;False;False;0.993;0.007
crunch-core\src\main\java\org\apache\crunch\types\avro\reflectdatafactory.java;False;False;0.96;0.04
crunch-core\src\main\java\org\apache\crunch\types\avro\safeavroserialization.java;False;False;0.943;0.057
crunch-core\src\main\java\org\apache\crunch\types\avro\safeavroserialization.java;False;False;0.943;0.057
crunch-core\src\main\java\org\apache\crunch\types\avro\safeavroserialization.java;False;False;0.928;0.072
crunch-core\src\main\java\org\apache\crunch\types\avro\package-info.java;False;False;1.0;0.0
crunch-core\src\main\java\org\apache\crunch\types\package-info.java;False;False;0.996;0.004
crunch-core\src\main\java\org\apache\crunch\types\writable\genericarraywritable.java;False;False;0.984;0.016
crunch-core\src\main\java\org\apache\crunch\types\writable\textmapwritable.java;False;False;0.95;0.05
crunch-core\src\main\java\org\apache\crunch\types\writable\tuplewritable.java;True;False;0.532;0.468
crunch-core\src\main\java\org\apache\crunch\types\writable\tuplewritable.java;True;True;0.472;0.528
crunch-core\src\main\java\org\apache\crunch\types\writable\unionwritable.java;False;False;0.938;0.062
crunch-core\src\main\java\org\apache\crunch\types\writable\writabledeepcopier.java;False;False;0.963;0.037
crunch-core\src\main\java\org\apache\crunch\types\writable\writablegroupedtabletype.java;True;False;0.608;0.392
crunch-core\src\main\java\org\apache\crunch\types\writable\writablepairconverter.java;False;False;0.926;0.074
crunch-core\src\main\java\org\apache\crunch\types\writable\writabletabletype.java;False;False;0.655;0.345
crunch-core\src\main\java\org\apache\crunch\types\writable\writabletype.java;False;False;0.764;0.236
crunch-core\src\main\java\org\apache\crunch\types\writable\writabletypefamily.java;False;False;0.828;0.172
crunch-core\src\main\java\org\apache\crunch\types\writable\writablevalueconverter.java;False;False;0.86;0.14
crunch-core\src\main\java\org\apache\crunch\types\writable\writables.java;True;False;0.587;0.413
crunch-core\src\main\java\org\apache\crunch\types\writable\writables.java;True;False;0.587;0.413
crunch-core\src\main\java\org\apache\crunch\types\writable\writables.java;True;False;0.586;0.414
crunch-core\src\main\java\org\apache\crunch\types\writable\writables.java;True;False;0.586;0.414
crunch-core\src\main\java\org\apache\crunch\types\writable\writables.java;True;False;0.587;0.413
crunch-core\src\main\java\org\apache\crunch\types\writable\writables.java;True;False;0.574;0.426
crunch-core\src\main\java\org\apache\crunch\types\writable\writables.java;True;False;0.582;0.418
crunch-core\src\main\java\org\apache\crunch\types\writable\writables.java;True;False;0.583;0.417
crunch-core\src\main\java\org\apache\crunch\types\writable\writables.java;True;False;0.528;0.472
crunch-core\src\main\java\org\apache\crunch\types\writable\package-info.java;False;False;1.0;0.0
crunch-core\src\main\java\org\apache\crunch\util\crunchtool.java;False;False;0.918;0.082
crunch-core\src\main\java\org\apache\crunch\util\delegatingreadabledata.java;False;False;0.98;0.02
crunch-core\src\main\java\org\apache\crunch\util\distcache.java;False;False;0.949;0.051
crunch-core\src\main\java\org\apache\crunch\util\dofniterator.java;False;True;0.384;0.616
crunch-core\src\main\java\org\apache\crunch\util\dofniterator.java;False;True;0.365;0.635
crunch-core\src\main\java\org\apache\crunch\util\partitionutils.java;True;False;0.983;0.017
crunch-core\src\main\java\org\apache\crunch\util\serializablesupplier.java;False;False;0.995;0.005
crunch-core\src\main\java\org\apache\crunch\util\tuples.java;False;False;1.0;0.0
crunch-core\src\main\java\org\apache\crunch\util\tuples.java;False;False;0.991;0.009
crunch-core\src\main\java\org\apache\crunch\util\tuples.java;False;False;1.0;0.0
crunch-core\src\main\java\org\apache\crunch\util\tuples.java;False;False;0.966;0.034
crunch-core\src\main\java\org\apache\crunch\util\tuples.java;False;False;0.994;0.006
crunch-core\src\main\java\org\apache\crunch\util\tuples.java;False;False;1.0;0.0
crunch-core\src\main\java\org\apache\crunch\util\unionreadabledata.java;False;False;0.99;0.01
crunch-core\src\main\java\org\apache\crunch\util\package-info.java;False;False;0.996;0.004
crunch-core\src\test\java\org\apache\crunch\pairtest.java;True;False;0.99;0.01
crunch-core\src\test\java\org\apache\crunch\pairtest.java;True;False;0.991;0.009
crunch-core\src\test\java\org\apache\crunch\tupletest.java;False;False;0.97;0.03
crunch-core\src\test\java\org\apache\crunch\writemodetest.java;False;False;0.966;0.034
crunch-core\src\test\java\org\apache\crunch\fn\aggregatorstest.java;False;True;0.432;0.568
crunch-core\src\test\java\org\apache\crunch\fn\andfntest.java;False;False;0.991;0.009
crunch-core\src\test\java\org\apache\crunch\fn\extractkeyfntest.java;False;False;0.964;0.036
crunch-core\src\test\java\org\apache\crunch\fn\filterfntest.java;False;False;0.973;0.027
crunch-core\src\test\java\org\apache\crunch\fn\notfntest.java;False;False;0.977;0.023
crunch-core\src\test\java\org\apache\crunch\fn\orfntest.java;False;False;0.993;0.007
crunch-core\src\test\java\org\apache\crunch\fn\pairmaptest.java;False;False;0.989;0.011
crunch-core\src\test\java\org\apache\crunch\hadoop\mapreduce\lib\jobcontrol\crunchjobcontroltest.java;True;False;0.832;0.168
crunch-core\src\test\java\org\apache\crunch\hadoop\mapreduce\lib\jobcontrol\crunchjobcontroltest.java;True;False;0.853;0.147
crunch-core\src\test\java\org\apache\crunch\impl\singleuseiterabletest.java;True;False;0.977;0.023
crunch-core\src\test\java\org\apache\crunch\impl\dist\collect\docollectiontest.java;False;False;0.896;0.104
crunch-core\src\test\java\org\apache\crunch\impl\dist\collect\docollectiontest.java;False;False;0.976;0.024
crunch-core\src\test\java\org\apache\crunch\impl\dist\collect\docollectiontest.java;False;False;0.978;0.022
crunch-core\src\test\java\org\apache\crunch\impl\dist\collect\dotableimpltest.java;False;False;0.987;0.013
crunch-core\src\test\java\org\apache\crunch\impl\dist\collect\dotableimpltest.java;False;False;0.993;0.007
crunch-core\src\test\java\org\apache\crunch\impl\mem\counterstest.java;False;False;0.979;0.021
crunch-core\src\test\java\org\apache\crunch\impl\mr\mrpipelinetest.java;False;False;0.954;0.046
crunch-core\src\test\java\org\apache\crunch\impl\mr\emit\intermediateemittertest.java;False;False;0.963;0.037
crunch-core\src\test\java\org\apache\crunch\impl\mr\exec\cappedexponentialcountertest.java;False;False;0.974;0.026
crunch-core\src\test\java\org\apache\crunch\impl\mr\plan\dotfilewritertest.java;False;False;0.898;0.102
crunch-core\src\test\java\org\apache\crunch\impl\mr\plan\jobnamebuildertest.java;False;False;0.943;0.057
crunch-core\src\test\java\org\apache\crunch\io\crunchinputstest.java;False;False;0.992;0.008
crunch-core\src\test\java\org\apache\crunch\io\fromtest.java;False;False;0.983;0.017
crunch-core\src\test\java\org\apache\crunch\io\sequentialfilenamingschemetest.java;False;False;0.993;0.007
crunch-core\src\test\java\org\apache\crunch\io\sourcetargethelpertest.java;False;False;0.989;0.011
crunch-core\src\test\java\org\apache\crunch\io\sourcetargethelpertest.java;False;False;0.974;0.026
crunch-core\src\test\java\org\apache\crunch\io\avro\avrofilereaderfactorytest.java;False;False;0.882;0.118
crunch-core\src\test\java\org\apache\crunch\io\avro\avrofilesourcetest.java;False;False;0.919;0.081
crunch-core\src\test\java\org\apache\crunch\io\impl\crunchjobhookstest.java;False;False;0.984;0.016
crunch-core\src\test\java\org\apache\crunch\io\parquet\avroparquetfilereaderfactorytest.java;False;False;0.977;0.023
crunch-core\src\test\java\org\apache\crunch\io\parquet\avroparquetfilereaderfactorytest.java;False;False;0.975;0.025
crunch-core\src\test\java\org\apache\crunch\io\text\csv\csvlinereadertest.java;False;False;0.958;0.042
crunch-core\src\test\java\org\apache\crunch\io\text\csv\csvrecorditeratortest.java;False;False;0.977;0.023
crunch-core\src\test\java\org\apache\crunch\io\text\xml\xmlrecordreadertest.java;False;False;0.945;0.055
crunch-core\src\test\java\org\apache\crunch\lib\averagetest.java;False;False;0.816;0.184
crunch-core\src\test\java\org\apache\crunch\lib\avroindexedrecordpartitionertest.java;True;False;0.949;0.051
crunch-core\src\test\java\org\apache\crunch\lib\avroindexedrecordpartitionertest.java;True;False;0.994;0.006
crunch-core\src\test\java\org\apache\crunch\lib\cartesiantest.java;False;False;0.993;0.007
crunch-core\src\test\java\org\apache\crunch\lib\channelstest.java;False;False;0.954;0.046
crunch-core\src\test\java\org\apache\crunch\lib\distincttest.java;False;False;0.992;0.008
crunch-core\src\test\java\org\apache\crunch\lib\dofnstest.java;False;False;0.985;0.015
crunch-core\src\test\java\org\apache\crunch\lib\dofnstest.java;False;False;0.985;0.015
crunch-core\src\test\java\org\apache\crunch\lib\dofnstest.java;False;False;0.983;0.017
crunch-core\src\test\java\org\apache\crunch\lib\mapredtest.java;False;False;0.982;0.018
crunch-core\src\test\java\org\apache\crunch\lib\mapredtest.java;False;False;0.991;0.009
crunch-core\src\test\java\org\apache\crunch\lib\mapredtest.java;False;False;0.964;0.036
crunch-core\src\test\java\org\apache\crunch\lib\mapreducetest.java;False;False;0.995;0.005
crunch-core\src\test\java\org\apache\crunch\lib\mapreducetest.java;False;False;0.998;0.002
crunch-core\src\test\java\org\apache\crunch\lib\mapreducetest.java;False;False;0.993;0.007
crunch-core\src\test\java\org\apache\crunch\lib\mapreducetest.java;False;False;0.999;0.001
crunch-core\src\test\java\org\apache\crunch\lib\mapreducetest.java;False;False;0.999;0.001
crunch-core\src\test\java\org\apache\crunch\lib\ptablestest.java;False;False;0.984;0.016
crunch-core\src\test\java\org\apache\crunch\lib\quantilestest.java;False;False;0.926;0.074
crunch-core\src\test\java\org\apache\crunch\lib\sampletest.java;False;False;0.997;0.003
crunch-core\src\test\java\org\apache\crunch\lib\secondarysorttest.java;False;False;0.997;0.003
crunch-core\src\test\java\org\apache\crunch\lib\secondarysorttest.java;False;False;0.999;0.001
crunch-core\src\test\java\org\apache\crunch\lib\sorttest.java;False;False;0.978;0.022
crunch-core\src\test\java\org\apache\crunch\lib\toplisttest.java;False;False;0.986;0.014
crunch-core\src\test\java\org\apache\crunch\lib\tuplewritablepartitionertest.java;True;False;0.977;0.023
crunch-core\src\test\java\org\apache\crunch\lib\join\brokenleftandouterjointest.java;False;False;0.996;0.004
crunch-core\src\test\java\org\apache\crunch\lib\join\innerjoinfntest.java;False;False;0.955;0.045
crunch-core\src\test\java\org\apache\crunch\lib\join\joinfntestbase.java;False;False;0.989;0.011
crunch-core\src\test\java\org\apache\crunch\lib\join\leftouterjointest.java;False;False;0.999;0.001
crunch-core\src\test\java\org\apache\crunch\lib\join\onetomanyjointest.java;False;False;0.994;0.006
crunch-core\src\test\java\org\apache\crunch\lib\join\onetomanyjointest.java;False;False;0.993;0.007
crunch-core\src\test\java\org\apache\crunch\lib\join\rightouterjoinfntest.java;False;False;0.998;0.002
crunch-core\src\test\java\org\apache\crunch\test\counterstest.java;False;False;0.99;0.01
crunch-core\src\test\java\org\apache\crunch\test\counterstest.java;False;False;0.996;0.004
crunch-core\src\test\java\org\apache\crunch\test\stringwrapper.java;False;False;0.985;0.015
crunch-core\src\test\java\org\apache\crunch\test\stringwrapper.java;False;False;0.985;0.015
crunch-core\src\test\java\org\apache\crunch\test\stringwrapper.java;False;False;0.985;0.015
crunch-core\src\test\java\org\apache\crunch\types\collectiondeepcopiertest.java;False;False;0.966;0.034
crunch-core\src\test\java\org\apache\crunch\types\mapdeepcopiertest.java;False;False;0.952;0.048
crunch-core\src\test\java\org\apache\crunch\types\ptypeutilstest.java;False;False;0.976;0.024
crunch-core\src\test\java\org\apache\crunch\types\ptypestest.java;False;False;0.981;0.019
crunch-core\src\test\java\org\apache\crunch\types\tupledeepcopiertest.java;False;False;0.991;0.009
crunch-core\src\test\java\org\apache\crunch\types\tuplefactorytest.java;False;False;0.991;0.009
crunch-core\src\test\java\org\apache\crunch\types\tuplefactorytest.java;False;False;0.975;0.025
crunch-core\src\test\java\org\apache\crunch\types\avro\avrochildclassloadertestrunner.java;False;False;0.988;0.012
crunch-core\src\test\java\org\apache\crunch\types\avro\avrochildclassloadertestrunner.java;False;False;1.0;0.0
crunch-core\src\test\java\org\apache\crunch\types\avro\avrodeepcopiertest.java;True;False;0.944;0.056
crunch-core\src\test\java\org\apache\crunch\types\avro\avrogroupedtabletypetest.java;False;False;0.944;0.056
crunch-core\src\test\java\org\apache\crunch\types\avro\avromodetest.java;False;False;0.888;0.112
crunch-core\src\test\java\org\apache\crunch\types\avro\avromodetest.java;False;False;0.897;0.103
crunch-core\src\test\java\org\apache\crunch\types\avro\avrospecificdeepcopierclassloadertest.java;False;False;0.944;0.056
crunch-core\src\test\java\org\apache\crunch\types\avro\avrotabletypetest.java;True;False;0.983;0.017
crunch-core\src\test\java\org\apache\crunch\types\avro\avrotypetest.java;False;False;0.788;0.212
crunch-core\src\test\java\org\apache\crunch\types\avro\avrostest.java;False;False;0.818;0.182
crunch-core\src\test\java\org\apache\crunch\types\avro\reflectedperson.java;False;False;0.952;0.048
crunch-core\src\test\java\org\apache\crunch\types\writable\genericarraywritabletest.java;True;False;0.989;0.011
crunch-core\src\test\java\org\apache\crunch\types\writable\tuplewritabletest.java;False;False;0.967;0.033
crunch-core\src\test\java\org\apache\crunch\types\writable\writabledeepcopiertest.java;False;False;0.986;0.014
crunch-core\src\test\java\org\apache\crunch\types\writable\writablegroupedtabletypetest.java;False;False;0.923;0.077
crunch-core\src\test\java\org\apache\crunch\types\writable\writabletabletypetest.java;False;False;0.96;0.04
crunch-core\src\test\java\org\apache\crunch\types\writable\writabletypetest.java;False;False;0.798;0.202
crunch-core\src\test\java\org\apache\crunch\types\writable\writablestest.java;True;False;0.882;0.118
crunch-core\src\test\java\org\apache\crunch\types\writable\writablestest.java;True;False;0.869;0.131
crunch-core\src\test\java\org\apache\crunch\util\distcachetest.java;False;False;0.989;0.011
crunch-core\src\test\java\org\apache\crunch\util\partitionutilstest.java;False;False;0.972;0.028
crunch-examples\src\main\java\org\apache\crunch\examples\averagebytesbyip.java;False;False;0.959;0.041
crunch-examples\src\main\java\org\apache\crunch\examples\secondarysortexample.java;False;False;0.87;0.13
crunch-examples\src\main\java\org\apache\crunch\examples\sortexample.java;False;False;0.995;0.005
crunch-examples\src\main\java\org\apache\crunch\examples\totalbytesbyip.java;False;False;0.974;0.026
crunch-examples\src\main\java\org\apache\crunch\examples\totalwordcount.java;False;False;0.97;0.03
crunch-examples\src\main\java\org\apache\crunch\examples\wordaggregationhbase.java;True;False;0.942;0.058
crunch-examples\src\main\java\org\apache\crunch\examples\wordcount.java;False;False;0.981;0.019
crunch-examples\src\main\java\org\apache\crunch\examples\package-info.java;False;False;1.0;0.0
crunch-hbase\src\it\java\org\apache\crunch\io\hbase\hfilesourceit.java;False;True;0.24;0.76
crunch-hbase\src\it\java\org\apache\crunch\io\hbase\hfiletargetit.java;True;True;0.473;0.527
crunch-hbase\src\it\java\org\apache\crunch\io\hbase\wordcounthbaseit.java;True;False;0.647;0.353
crunch-hbase\src\it\java\org\apache\crunch\io\hbase\wordcounthbaseit.java;True;False;0.657;0.343
crunch-hbase\src\it\java\org\apache\crunch\test\temporarypaths.java;False;False;0.992;0.008
crunch-hbase\src\main\java\org\apache\crunch\io\hbase\athbase.java;False;False;0.995;0.005
crunch-hbase\src\main\java\org\apache\crunch\io\hbase\fromhbase.java;False;False;0.979;0.021
crunch-hbase\src\main\java\org\apache\crunch\io\hbase\hbasedata.java;True;False;0.983;0.017
crunch-hbase\src\main\java\org\apache\crunch\io\hbase\hbasepairconverter.java;False;False;0.931;0.069
crunch-hbase\src\main\java\org\apache\crunch\io\hbase\hbasesourcetarget.java;False;False;0.715;0.285
crunch-hbase\src\main\java\org\apache\crunch\io\hbase\hbasetarget.java;True;False;0.762;0.238
crunch-hbase\src\main\java\org\apache\crunch\io\hbase\hbasetypes.java;False;False;0.621;0.379
crunch-hbase\src\main\java\org\apache\crunch\io\hbase\hbasetypes.java;False;False;0.581;0.419
crunch-hbase\src\main\java\org\apache\crunch\io\hbase\hbasetypes.java;False;False;0.568;0.432
crunch-hbase\src\main\java\org\apache\crunch\io\hbase\hbasevalueconverter.java;False;False;0.903;0.097
crunch-hbase\src\main\java\org\apache\crunch\io\hbase\hfileinputformat.java;False;False;0.773;0.227
crunch-hbase\src\main\java\org\apache\crunch\io\hbase\hfileinputformat.java;False;False;0.8;0.2
crunch-hbase\src\main\java\org\apache\crunch\io\hbase\hfileoutputformatforcrunch.java;False;False;0.787;0.213
crunch-hbase\src\main\java\org\apache\crunch\io\hbase\hfilereadabledata.java;False;False;0.987;0.013
crunch-hbase\src\main\java\org\apache\crunch\io\hbase\hfilereaderfactory.java;False;False;0.979;0.021
crunch-hbase\src\main\java\org\apache\crunch\io\hbase\hfilereaderfactory.java;False;False;0.958;0.042
crunch-hbase\src\main\java\org\apache\crunch\io\hbase\hfilesource.java;False;False;0.826;0.174
crunch-hbase\src\main\java\org\apache\crunch\io\hbase\hfiletarget.java;False;False;0.971;0.029
crunch-hbase\src\main\java\org\apache\crunch\io\hbase\hfileutils.java;False;False;0.83;0.17
crunch-hbase\src\main\java\org\apache\crunch\io\hbase\hfileutils.java;False;False;0.819;0.181
crunch-hbase\src\main\java\org\apache\crunch\io\hbase\hfileutils.java;False;False;0.828;0.172
crunch-hbase\src\main\java\org\apache\crunch\io\hbase\hfileutils.java;False;False;0.699;0.301
crunch-hbase\src\main\java\org\apache\crunch\io\hbase\hfileutils.java;False;False;0.828;0.172
crunch-hbase\src\main\java\org\apache\crunch\io\hbase\hfileutils.java;False;False;0.836;0.164
crunch-hbase\src\main\java\org\apache\crunch\io\hbase\hfileutils.java;False;False;0.836;0.164
crunch-hbase\src\main\java\org\apache\crunch\io\hbase\hfileutils.java;False;False;0.836;0.164
crunch-hbase\src\main\java\org\apache\crunch\io\hbase\htableiterable.java;False;False;0.976;0.024
crunch-hbase\src\main\java\org\apache\crunch\io\hbase\htableiterator.java;False;False;0.975;0.025
crunch-hbase\src\main\java\org\apache\crunch\io\hbase\tohbase.java;False;False;0.993;0.007
crunch-hive\src\it\java\org\apache\crunch\io\orc\orcfilesourcetargetit.java;False;False;0.894;0.106
crunch-hive\src\main\java\org\apache\crunch\io\orc\orccrunchinputformat.java;False;False;0.829;0.171
crunch-hive\src\main\java\org\apache\crunch\io\orc\orccrunchinputformat.java;False;False;0.85;0.15
crunch-hive\src\main\java\org\apache\crunch\io\orc\orccrunchoutputformat.java;False;False;0.947;0.053
crunch-hive\src\main\java\org\apache\crunch\io\orc\orccrunchoutputformat.java;False;False;0.936;0.064
crunch-hive\src\main\java\org\apache\crunch\io\orc\orcfilereaderfactory.java;False;False;0.904;0.096
crunch-hive\src\main\java\org\apache\crunch\io\orc\orcfilesource.java;False;False;0.988;0.012
crunch-hive\src\main\java\org\apache\crunch\io\orc\orcfilesourcetarget.java;False;False;0.972;0.028
crunch-hive\src\main\java\org\apache\crunch\io\orc\orcfiletarget.java;False;False;0.969;0.031
crunch-hive\src\main\java\org\apache\crunch\io\orc\orcfilewriter.java;False;False;0.906;0.094
crunch-hive\src\main\java\org\apache\crunch\io\orc\orcfilewriter.java;False;False;0.932;0.068
crunch-hive\src\main\java\org\apache\crunch\io\orc\orcreadabledata.java;False;False;0.938;0.062
crunch-hive\src\main\java\org\apache\crunch\io\orc\orcwritable.java;True;False;0.94;0.06
crunch-hive\src\main\java\org\apache\crunch\types\orc\orcutils.java;False;False;0.505;0.495
crunch-hive\src\main\java\org\apache\crunch\types\orc\orcs.java;False;False;0.698;0.302
crunch-hive\src\main\java\org\apache\crunch\types\orc\orcs.java;False;False;0.689;0.311
crunch-hive\src\main\java\org\apache\crunch\types\orc\orcs.java;False;False;0.728;0.272
crunch-hive\src\main\java\org\apache\crunch\types\orc\orcs.java;False;False;0.694;0.306
crunch-hive\src\main\java\org\apache\crunch\types\orc\orcs.java;False;False;0.694;0.306
crunch-hive\src\main\java\org\apache\crunch\types\orc\orcs.java;False;False;0.699;0.301
crunch-hive\src\main\java\org\apache\crunch\types\orc\orcs.java;False;False;0.699;0.301
crunch-hive\src\main\java\org\apache\crunch\types\orc\tupleobjectinspector.java;False;False;0.598;0.402
crunch-hive\src\main\java\org\apache\crunch\types\orc\tupleobjectinspector.java;False;False;0.585;0.415
crunch-hive\src\main\java\org\apache\crunch\types\orc\tupleobjectinspector.java;False;False;0.658;0.342
crunch-hive\src\test\java\org\apache\crunch\io\orc\orcfilereaderfactorytest.java;False;False;0.914;0.086
crunch-hive\src\test\java\org\apache\crunch\io\orc\orcfilereaderwritertest.java;False;False;0.949;0.051
crunch-hive\src\test\java\org\apache\crunch\io\orc\orcfiletest.java;False;False;0.934;0.066
crunch-hive\src\test\java\org\apache\crunch\io\orc\orcwritabletest.java;False;False;0.861;0.139
crunch-hive\src\test\java\org\apache\crunch\test\orc\pojos\addressbook.java;False;False;0.928;0.072
crunch-hive\src\test\java\org\apache\crunch\test\orc\pojos\person.java;False;False;0.975;0.025
crunch-hive\src\test\java\org\apache\crunch\types\orc\orcstest.java;False;False;0.922;0.078
crunch-hive\src\test\java\org\apache\crunch\types\orc\tupleobjectinspectortest.java;False;False;0.959;0.041
crunch-scrunch\src\main\java\org\apache\crunch\scrunch\scalareflectdatafactory.java;False;False;0.896;0.104
crunch-scrunch\src\main\java\org\apache\crunch\scrunch\scalasafereflectdata.java;False;False;0.715;0.285
crunch-scrunch\src\main\java\org\apache\crunch\scrunch\scalasafereflectdatumreader.java;False;False;0.916;0.084
crunch-scrunch\src\main\java\org\apache\crunch\scrunch\scalasafereflectdatumwriter.java;False;False;0.954;0.046
crunch-spark\src\it\java\org\apache\crunch\createit.java;False;False;0.941;0.059
crunch-spark\src\it\java\org\apache\crunch\skipptypesit.java;False;False;0.981;0.019
crunch-spark\src\it\java\org\apache\crunch\skipptypesit.java;False;False;0.979;0.021
crunch-spark\src\it\java\org\apache\crunch\skipptypesit.java;False;False;0.917;0.083
crunch-spark\src\it\java\org\apache\crunch\skipptypesit.java;False;False;0.981;0.019
crunch-spark\src\it\java\org\apache\crunch\sparkaggregatorit.java;False;False;0.986;0.014
crunch-spark\src\it\java\org\apache\crunch\sparkaggregatorit.java;False;False;0.99;0.01
crunch-spark\src\it\java\org\apache\crunch\sparkcogroupit.java;False;False;0.978;0.022
crunch-spark\src\it\java\org\apache\crunch\sparkcogroupit.java;False;False;0.96;0.04
crunch-spark\src\it\java\org\apache\crunch\sparkemptypcollectionit.java;False;False;0.973;0.027
crunch-spark\src\it\java\org\apache\crunch\sparkemptypcollectionit.java;False;False;0.985;0.015
crunch-spark\src\it\java\org\apache\crunch\sparkmapsidejoinit.java;False;False;0.996;0.004
crunch-spark\src\it\java\org\apache\crunch\sparkmapsidejoinit.java;False;False;0.996;0.004
crunch-spark\src\it\java\org\apache\crunch\sparkmapsidejoinit.java;False;False;0.996;0.004
crunch-spark\src\it\java\org\apache\crunch\sparkmapsidejoinit.java;False;False;0.985;0.015
crunch-spark\src\it\java\org\apache\crunch\sparkpagerankit.java;False;True;0.439;0.561
crunch-spark\src\it\java\org\apache\crunch\sparkpagerankit.java;False;True;0.412;0.588
crunch-spark\src\it\java\org\apache\crunch\sparkpipelinecallableit.java;True;False;0.981;0.019
crunch-spark\src\it\java\org\apache\crunch\sparksecondarysortit.java;False;False;0.991;0.009
crunch-spark\src\it\java\org\apache\crunch\sparksortit.java;False;False;0.995;0.005
crunch-spark\src\it\java\org\apache\crunch\sparksortit.java;False;False;0.997;0.003
crunch-spark\src\it\java\org\apache\crunch\sparksortit.java;False;False;0.994;0.006
crunch-spark\src\it\java\org\apache\crunch\sparksortit.java;False;False;0.964;0.036
crunch-spark\src\it\java\org\apache\crunch\sparktaskattemptit.java;False;False;0.946;0.054
crunch-spark\src\it\java\org\apache\crunch\sparktaskattemptit.java;False;False;0.931;0.069
crunch-spark\src\it\java\org\apache\crunch\sparktfidfit.java;False;False;0.943;0.057
crunch-spark\src\it\java\org\apache\crunch\sparkunionresultsit.java;False;False;0.924;0.076
crunch-spark\src\it\java\org\apache\crunch\sparkunionresultsit.java;False;False;0.928;0.072
crunch-spark\src\it\java\org\apache\crunch\test\stringwrapper.java;False;False;0.997;0.003
crunch-spark\src\it\java\org\apache\crunch\test\stringwrapper.java;False;False;0.956;0.044
crunch-spark\src\it\java\org\apache\crunch\test\stringwrapper.java;False;False;0.997;0.003
crunch-spark\src\it\java\org\apache\crunch\test\tests.java;False;False;0.976;0.024
crunch-spark\src\main\java\org\apache\crunch\fn\sdoubleflatmapfunction.java;False;False;0.898;0.102
crunch-spark\src\main\java\org\apache\crunch\fn\sdoublefunction.java;False;False;0.912;0.088
crunch-spark\src\main\java\org\apache\crunch\fn\sflatmapfunction.java;False;False;0.883;0.117
crunch-spark\src\main\java\org\apache\crunch\fn\sflatmapfunction2.java;False;False;0.937;0.063
crunch-spark\src\main\java\org\apache\crunch\fn\sfunction.java;False;False;0.948;0.052
crunch-spark\src\main\java\org\apache\crunch\fn\sfunction2.java;False;False;0.954;0.046
crunch-spark\src\main\java\org\apache\crunch\fn\sfunctions.java;False;False;0.911;0.089
crunch-spark\src\main\java\org\apache\crunch\fn\spairflatmapfunction.java;False;False;0.937;0.063
crunch-spark\src\main\java\org\apache\crunch\fn\spairfunction.java;False;False;0.962;0.038
crunch-spark\src\main\java\org\apache\crunch\fn\sparkdofn.java;False;False;0.94;0.06
crunch-spark\src\main\java\org\apache\crunch\fn\sparkmapfn.java;False;False;0.925;0.075
crunch-spark\src\main\java\org\apache\crunch\impl\spark\bytearray.java;False;False;0.851;0.149
crunch-spark\src\main\java\org\apache\crunch\impl\spark\bytearrayhelper.java;False;False;0.973;0.027
crunch-spark\src\main\java\org\apache\crunch\impl\spark\bytearrayhelper.java;False;False;0.935;0.065
crunch-spark\src\main\java\org\apache\crunch\impl\spark\counteraccumulatorparam.java;False;False;0.994;0.006
crunch-spark\src\main\java\org\apache\crunch\impl\spark\guavautils.java;False;False;0.975;0.025
crunch-spark\src\main\java\org\apache\crunch\impl\spark\intbytearray.java;False;False;0.774;0.226
crunch-spark\src\main\java\org\apache\crunch\impl\spark\sparkcollection.java;False;False;0.991;0.009
crunch-spark\src\main\java\org\apache\crunch\impl\spark\sparkcomparator.java;False;False;0.909;0.091
crunch-spark\src\main\java\org\apache\crunch\impl\spark\sparkpartitioner.java;False;False;0.995;0.005
crunch-spark\src\main\java\org\apache\crunch\impl\spark\sparkpipeline.java;False;False;0.913;0.087
crunch-spark\src\main\java\org\apache\crunch\impl\spark\sparkruntime.java;True;True;0.369;0.631
crunch-spark\src\main\java\org\apache\crunch\impl\spark\sparkruntimecontext.java;False;False;0.756;0.244
crunch-spark\src\main\java\org\apache\crunch\impl\spark\sparkruntimecontext.java;False;False;0.75;0.25
crunch-spark\src\main\java\org\apache\crunch\impl\spark\collect\createdcollection.java;False;False;0.688;0.312
crunch-spark\src\main\java\org\apache\crunch\impl\spark\collect\createdcollection.java;False;False;0.599;0.401
crunch-spark\src\main\java\org\apache\crunch\impl\spark\collect\createdtable.java;False;True;0.406;0.594
crunch-spark\src\main\java\org\apache\crunch\impl\spark\collect\createdtable.java;False;True;0.347;0.653
crunch-spark\src\main\java\org\apache\crunch\impl\spark\collect\docollection.java;False;False;0.925;0.075
crunch-spark\src\main\java\org\apache\crunch\impl\spark\collect\dotable.java;False;False;0.857;0.143
crunch-spark\src\main\java\org\apache\crunch\impl\spark\collect\emptypcollection.java;False;False;0.974;0.026
crunch-spark\src\main\java\org\apache\crunch\impl\spark\collect\emptyptable.java;False;False;0.985;0.015
crunch-spark\src\main\java\org\apache\crunch\impl\spark\collect\inputcollection.java;False;False;0.765;0.235
crunch-spark\src\main\java\org\apache\crunch\impl\spark\collect\inputtable.java;False;False;0.839;0.161
crunch-spark\src\main\java\org\apache\crunch\impl\spark\collect\pgroupedtableimpl.java;False;False;0.605;0.395
crunch-spark\src\main\java\org\apache\crunch\impl\spark\collect\sparkcollectfactory.java;False;False;0.542;0.458
crunch-spark\src\main\java\org\apache\crunch\impl\spark\collect\tobytearrayfunction.java;False;False;0.985;0.015
crunch-spark\src\main\java\org\apache\crunch\impl\spark\collect\unioncollection.java;False;False;0.981;0.019
crunch-spark\src\main\java\org\apache\crunch\impl\spark\collect\uniontable.java;False;False;0.984;0.016
crunch-spark\src\main\java\org\apache\crunch\impl\spark\fn\combinemapsidefunction.java;False;False;0.961;0.039
crunch-spark\src\main\java\org\apache\crunch\impl\spark\fn\combinemapsidefunction.java;False;False;0.992;0.008
crunch-spark\src\main\java\org\apache\crunch\impl\spark\fn\crunchiterable.java;False;False;0.976;0.024
crunch-spark\src\main\java\org\apache\crunch\impl\spark\fn\crunchpairtuple2.java;False;False;0.954;0.046
crunch-spark\src\main\java\org\apache\crunch\impl\spark\fn\flatmapindexfn.java;False;False;0.949;0.051
crunch-spark\src\main\java\org\apache\crunch\impl\spark\fn\flatmappairdofn.java;False;False;0.971;0.029
crunch-spark\src\main\java\org\apache\crunch\impl\spark\fn\inputconverterfunction.java;False;False;0.988;0.012
crunch-spark\src\main\java\org\apache\crunch\impl\spark\fn\mapfunction.java;False;False;0.917;0.083
crunch-spark\src\main\java\org\apache\crunch\impl\spark\fn\mapoutputfunction.java;False;False;0.908;0.092
crunch-spark\src\main\java\org\apache\crunch\impl\spark\fn\outputconverterfunction.java;False;False;0.98;0.02
crunch-spark\src\main\java\org\apache\crunch\impl\spark\fn\pairflatmapdofn.java;False;False;0.986;0.014
crunch-spark\src\main\java\org\apache\crunch\impl\spark\fn\pairmapfunction.java;False;False;0.984;0.016
crunch-spark\src\main\java\org\apache\crunch\impl\spark\fn\pairmapiterablefunction.java;False;False;0.982;0.018
crunch-spark\src\main\java\org\apache\crunch\impl\spark\fn\partitionedmapoutputfunction.java;False;False;0.897;0.103
crunch-spark\src\main\java\org\apache\crunch\impl\spark\fn\reducegroupingfunction.java;False;False;0.995;0.005
crunch-spark\src\main\java\org\apache\crunch\impl\spark\fn\reducegroupingfunction.java;False;False;0.994;0.006
crunch-spark\src\main\java\org\apache\crunch\impl\spark\fn\reduceinputfunction.java;False;False;0.994;0.006
crunch-spark\src\main\java\org\apache\crunch\impl\spark\fn\tuple2mapfunction.java;False;False;0.983;0.017
crunch-spark\src\main\java\org\apache\crunch\impl\spark\serde\avroserde.java;False;False;0.694;0.306
crunch-spark\src\main\java\org\apache\crunch\impl\spark\serde\serde.java;False;False;0.85;0.15
crunch-spark\src\main\java\org\apache\crunch\impl\spark\serde\serdefactory.java;False;False;0.978;0.022
crunch-spark\src\main\java\org\apache\crunch\impl\spark\serde\writableserde.java;False;False;0.805;0.195
crunch-spark\src\main\java\org\apache\hadoop\mapred\sparkcounter.java;False;False;0.984;0.016
crunch-spark\src\test\java\org\apache\crunch\impl\spark\avrobytearraytest.java;False;False;0.922;0.078
crunch-test\src\it\java\org\apache\crunch\test\temporarypathit.java;False;False;0.983;0.017
crunch-test\src\main\java\org\apache\crunch\test\crunchtestsupport.java;False;False;0.968;0.032
crunch-test\src\main\java\org\apache\crunch\test\debuglogging.java;False;False;0.982;0.018
crunch-test\src\main\java\org\apache\crunch\test\temporarypath.java;False;False;0.918;0.082
crunch-test\src\main\java\org\apache\crunch\test\testcounters.java;False;False;0.981;0.019
crunch-test\src\main\java\org\apache\crunch\test\package-info.java;False;False;0.998;0.002
crunch-test\src\test\java\org\apache\crunch\test\crunchtestsupporttest.java;False;False;0.93;0.07
